fid,COD_USO,DES_USO,Shape_Leng,Shape_Area,_N,_SIOSE,_COD_SIOSE,_Usos MUCV,_COD_NUEVO,AREA_POLIG,USOS_DEFIN,USOS_GENER,COD_GENERA,COD_PRESIO,NOMBRE_HUM,COD_IHA,USOShum_ha,HUM_ha,BUF_ha
441863,931,"PLAYAS, DUNAS Y ARENALES",15088.388141999999789,61919.681823689490557,79,"PLAYAS, DUNAS Y ARENALES","9312",Dunas y arenales costeros,22,61919.682,"Playas, dunas y arenales",Cobertura vegetal y suelos,5,1,Albufera Nueva,IHA611008,6.191968,0.000000000,6.191968
117612,425,OTROS CULTIVOS HERBACEOS REGADOS,667.654206567999950,629.768412024481336,86,OTROS CULTIVOS HERBACEOS REGADOS,NA,OTROS CULTIVOS HERBACEOS REGADOS,18,629.768,Cultivos herbaceos,Agrario,4,3,Albufera Honda,IHA611007,0.062977,0.000000000,0.062977
115970,423,CULTIVOS FORZADOS BAJO PLASTICO,1717.828760449999891,7989.936583182425238,56,CULTIVOS FORZADOS BAJO PLASTICO,"404",Invernadero de estructura itinerante o temporal,17,7989.937,Invernaderos,Agrario invernaderos,2,5,Albufera Nueva,IHA611008,148.395208,1.148727000,147.246481
400010,917,MATORRAL DISPERSO CON PASTO Y ROCA O SUELO,1214.175075160000006,5552.506896156119183,74,MATORRAL DISPERSO CON PASTO Y ROCA O SUELO,"917",Matorral disperso con pasto y roca o suelo,20,5552.507,Vegetacion natural,Cobertura vegetal y suelos,5,1,Albufera Honda,IHA611007,2.307198,0.000000000,2.307198
27547,231,LAGUNAS LITORALES,2379.073978209999950,239537.116586066782475,84,Lagunas litorales,NA,Lagunas litorales,12,239537.117,Lagos y lagunas,Zonas humedas,3,1,Albufera Nueva,IHA611008,31.513255,31.511215000,0.002040
132015,439,OTROS CULTIVOS LEÃ‘OSOS REGADOS,1987.490665399999898,134472.224593132094014,7,TEJIDO URBANO,"2000",Ensanche,1,134472.225,Tejido urbano,Urbano e infraestructuras,1,5,Albufera Nueva,IHA611008,13.447222,0.000000000,13.447222
32264,317,RIOS Y CAUCES NAT.:OTRAS FORM. RIPARIAS,7162.269626180000159,12235.235086010303348,46,VEGETACION RIPARIA,"317",Rios y cauces nat: otras formas riparias,11,12235.235,Vegetacion riparia,Zonas humedas,3,1,Albufera Nueva,IHA611008,1.223524,0.000000000,1.223524
341876,911,MATORRAL DENSO,331.228138531000013,5881.165394406765699,72,MATORRAL DENSO,"911",Matorral denso,20,5881.165,Vegetacion natural,Cobertura vegetal y suelos,5,1,Albufera Nueva,IHA611008,30.906069,0.145952000,30.760117
26982,211,MARISMA MAREAL CON VEGETACION,489.167785104000018,12303.166580592369428,34,MARISMA CON VEGETACION,"210",Marisma con vegetacion,7,12303.167,Marisma,Zonas humedas,3,1,Albufera Nueva,IHA611008,25.700681,13.974738000,11.725943
2732,115,URBANIZACIONES RESIDENCIALES,822.010490421999975,11377.484536014193509,8,URBANIZACIONES,"2002",Discontinuo,1,11377.485,Tejido urbano,Urbano e infraestructuras,1,5,Albufera Honda,IHA611007,2.164834,0.000000000,2.164834
27545,231,LAGUNAS LITORALES,7464.884020769999552,1303811.917646102607250,84,Lagunas litorales,NA,Lagunas litorales,12,1303811.918,Lagos y lagunas,Zonas humedas,3,1,Charcones de Punta Entinas,IHA611001,130.381192,127.280156000,3.101036
150581,471,CULTIVOS HERBACEOS Y PASTIZALES,4046.257198610000160,301394.744473040336743,91,CULTIVOS HERBACEOS Y PASTIZALES,NA,CULTIVOS HERBACEOS Y PASTIZALES,19,301394.744,Areas agrarias heterogeneas,Agrario,4,3,Charcones de Punta Entinas,IHA611001,30.139474,0.028287000,30.111187
27470,221,SALINAS TRADICIONALES,22406.618673799999669,4954079.040504438802600,39,SALINAS,"221",Salinas tradicionales,8,4954079.041,Salinas,Zonas humedas,3,1,Charcones de Punta Entinas,IHA611001,495.407904,484.108776000,11.299128
44780,411,CULTIVOS HERBACEOS EN SECANO,1503.189903100000038,82687.087151403189637,85,CULTIVOS HERBACEOS EN SECANO,NA,CULTIVOS HERBACEOS EN SECANO,18,82687.087,Cultivos herbaceos,Agrario,4,2,Charcones de Punta Entinas,IHA611001,8.268709,0.000000000,8.268709
441866,931,"PLAYAS, DUNAS Y ARENALES",40883.113585799997963,474846.657722790667322,79,"PLAYAS, DUNAS Y ARENALES","9312",Dunas y arenales costeros,22,474846.658,"Playas, dunas y arenales",Cobertura vegetal y suelos,5,1,Charcones de Punta Entinas,IHA611001,36.632744,0.000000000,36.632744
116192,423,CULTIVOS FORZADOS BAJO PLASTICO,478017.638985999976285,7792199.801621209830046,56,CULTIVOS FORZADOS BAJO PLASTICO,"404",Invernadero de estructura itinerante o temporal,17,7792199.802,Invernaderos,Agrario invernaderos,2,5,Charcones de Punta Entinas,IHA611001,520.001916,5.272618000,514.729298
27180,215,MARISMA NO MAREAL CON VEGETACION,4462.245274820000304,103458.192183951628977,36,MARISMA CON VEGETACION,"2151",Marisma no mareal con vegetacion,7,103458.192,Marisma,Zonas humedas,3,1,Charcones de Punta Entinas,IHA611001,98.666281,84.277573000,14.388708
442611,932,ROQUEDOS Y SUELO DESNUDO,4644.861867130000064,119819.923417232930660,80,ROQUEDOS Y SUELO DESNUDO,"945",Suelo desnudo,23,119819.923,Areas con fuertes procesos erosivos,Cobertura vegetal y suelos,5,1,Charcones de Punta Entinas,IHA611001,11.981992,0.000000000,11.981992
341709,911,MATORRAL DENSO,3073.985592259999521,113820.425910829872009,72,MATORRAL DENSO,"911",Matorral denso,20,113820.426,Vegetacion natural,Cobertura vegetal y suelos,5,1,Charcones de Punta Entinas,IHA611001,487.861921,68.540421000,419.321500
24109,155,ZONAS EN CONSTRUCCION,6035.693258209999840,446946.402793390676379,83,ZONAS EN CONSTRUCCION,NA,Zonas en construccion,24,446946.403,Zonas en construccion,Urbano e infraestructuras,1,4,Laguna de la Gravera,IHA611002,44.694640,0.000000000,44.694640
364609,915,MATORRAL DISPERSO CON PASTIZAL,1460.396519050000052,47788.834107086411677,73,MATORRAL DISPERSO CON PASTIZAL,"915",Matorral disperso con pastizal,20,47788.834,Vegetacion natural,Cobertura vegetal y suelos,5,1,Laguna de la Gravera,IHA611002,263.713449,25.603621000,238.109828
22830,151,ZONAS MINERAS,2879.825313939999887,161855.051061344798654,24,ZONAS MINERAS,"2007",Zona de extraccion o vertido,5,161855.051,"Zonas mineras, escombreras o de vertido",Urbano e infraestructuras,1,5,Laguna de la Gravera,IHA611002,16.185505,0.100844000,16.084661
32094,317,RIOS Y CAUCES NAT.:OTRAS FORM. RIPARIAS,4501.022942929999772,191724.310204801033251,46,VEGETACION RIPARIA,"317",Rios y cauces nat: otras formas riparias,11,191724.310,Vegetacion riparia,Zonas humedas,3,1,Salinas de Cerrillos,IHA611004,19.172431,18.314680000,0.857751
27546,231,LAGUNAS LITORALES,2541.889687790000153,201896.644487642683089,84,Lagunas litorales,NA,Lagunas litorales,12,201896.644,Lagos y lagunas,Zonas humedas,3,1,Salinas de Cerrillos,IHA611004,20.189664,0.000000000,20.189664
278260,725,MATORRAL DISP. ARBOLADO: CONIFERAS. DISPERSO,1898.946386480000001,139149.611829824745655,65,MATORRAL DISP. ARBOLADO: CONIFERAS. DISPERSO,"725",Matorral disperso arbolado: coniferas. disperso,20,139149.612,Vegetacion natural,Cobertura vegetal y suelos,5,1,Salinas de Cerrillos,IHA611004,93.542524,38.498548000,55.043976
441866,931,"PLAYAS, DUNAS Y ARENALES",40883.113585799997963,474846.657722790667322,79,"PLAYAS, DUNAS Y ARENALES","9312",Dunas y arenales costeros,22,474846.658,"Playas, dunas y arenales",Cobertura vegetal y suelos,5,1,Salinas de Cerrillos,IHA611004,10.851922,0.000000000,10.851922
22822,151,ZONAS MINERAS,1354.494740529999945,68004.648232488660142,24,ZONAS MINERAS,"2007",Zona de extraccion o vertido,5,68004.648,"Zonas mineras, escombreras o de vertido",Urbano e infraestructuras,1,5,Salinas de Cerrillos,IHA611004,6.800465,0.024158000,6.776307
218,111,TEJIDO URBANO,2336.338637289999951,20018.130530571561394,13,ZONAS INDUSTRIALES Y COMERCIALES,"125",Complejo comercial y/o de ocio,2,20018.131,Zonas industriales y comerciales,Urbano e infraestructuras,1,5,Salinas de Cerrillos,IHA611004,2.001813,0.000000000,2.001813
150592,471,CULTIVOS HERBACEOS Y PASTIZALES,3056.844843029999993,228658.271994644805091,91,CULTIVOS HERBACEOS Y PASTIZALES,NA,CULTIVOS HERBACEOS Y PASTIZALES,19,228658.272,Areas agrarias heterogeneas,Agrario,4,3,Salinas de Cerrillos,IHA611004,25.405568,22.392257000,3.013311
116192,423,CULTIVOS FORZADOS BAJO PLASTICO,478017.638985999976285,7792199.801621209830046,56,CULTIVOS FORZADOS BAJO PLASTICO,"404",Invernadero de estructura itinerante o temporal,17,7792199.802,Invernaderos,Agrario invernaderos,2,5,Salinas de Cerrillos,IHA611004,2.708819,0.264344000,2.444475
44956,411,CULTIVOS HERBACEOS EN SECANO,575.675500212999964,1495.899908287450671,85,CULTIVOS HERBACEOS EN SECANO,NA,CULTIVOS HERBACEOS EN SECANO,18,1495.900,Cultivos herbaceos,Agrario,4,3,Salinas de Cerrillos,IHA611004,11.815967,0.013095000,11.802872
118089,425,OTROS CULTIVOS HERBACEOS REGADOS,584.103037133000043,20113.832725726068020,86,OTROS CULTIVOS HERBACEOS REGADOS,NA,OTROS CULTIVOS HERBACEOS REGADOS,18,20113.833,Cultivos herbaceos,Agrario,4,3,Rambla Morales,IHA611003,25.666801,0.000000000,25.666801
441883,931,"PLAYAS, DUNAS Y ARENALES",10465.629897400000118,379932.030530915013514,79,"PLAYAS, DUNAS Y ARENALES","9312",Dunas y arenales costeros,22,379932.031,"Playas, dunas y arenales",Cobertura vegetal y suelos,5,1,Rambla Morales,IHA611003,59.849967,1.283545000,58.566422
365914,915,MATORRAL DISPERSO CON PASTIZAL,1596.756012800000008,121063.332796711474657,73,MATORRAL DISPERSO CON PASTIZAL,"915",Matorral disperso con pastizal,20,121063.333,Vegetacion natural,Cobertura vegetal y suelos,5,1,Rambla Morales,IHA611003,79.665517,0.286135000,79.379382
32439,317,RIOS Y CAUCES NAT.:OTRAS FORM. RIPARIAS,4678.578275290000420,179166.538312482880428,46,VEGETACION RIPARIA,"317",Rios y cauces nat: otras formas riparias,11,179166.538,Vegetacion riparia,Zonas humedas,3,1,Rambla Morales,IHA611003,17.916654,9.620773000,8.295881
2782,115,URBANIZACIONES RESIDENCIALES,1136.036688969999886,8098.421966316178441,8,URBANIZACIONES,"2002",Discontinuo,1,8098.422,Tejido urbano,Urbano e infraestructuras,1,5,Salinas de Cabo de Gata,IHA611009,4.244170,0.000000000,4.244170
27471,221,SALINAS TRADICIONALES,840.007388173999971,23840.975209700292908,39,SALINAS,"221",Salinas tradicionales,8,23840.975,Salinas,Zonas humedas,3,1,Salinas de Cabo de Gata,IHA611009,253.485249,208.075004000,45.410245
340,111,TEJIDO URBANO,1305.463035929999933,30318.185881122946739,13,ZONAS INDUSTRIALES Y COMERCIALES,"125",Complejo comercial y/o de ocio,2,30318.186,Zonas industriales y comerciales,Urbano e infraestructuras,1,5,Salinas de Cabo de Gata,IHA611009,6.843431,0.000000000,6.843431
24240,155,ZONAS EN CONSTRUCCION,4615.914449089999835,180016.777032902260544,83,ZONAS EN CONSTRUCCION,NA,Zonas en construccion,24,180016.777,Zonas en construccion,Urbano e infraestructuras,1,4,Salinas de Cabo de Gata,IHA611009,18.001678,0.000000000,18.001678
441887,931,"PLAYAS, DUNAS Y ARENALES",45766.064142900002480,690602.282841924577951,79,"PLAYAS, DUNAS Y ARENALES","9312",Dunas y arenales costeros,22,690602.283,"Playas, dunas y arenales",Cobertura vegetal y suelos,5,1,Salinas de Cabo de Gata,IHA611009,47.203465,4.323383000,42.880082
400315,917,MATORRAL DISPERSO CON PASTO Y ROCA O SUELO,22901.584828800001560,2428800.495870334096253,74,MATORRAL DISPERSO CON PASTO Y ROCA O SUELO,"917",Matorral disperso con pasto y roca o suelo,20,2428800.496,Vegetacion natural,Cobertura vegetal y suelos,5,1,Salinas de Cabo de Gata,IHA611009,423.666614,186.688426000,236.978188
118203,425,OTROS CULTIVOS HERBACEOS REGADOS,51163.799517100000230,1586219.561011064564809,86,OTROS CULTIVOS HERBACEOS REGADOS,NA,OTROS CULTIVOS HERBACEOS REGADOS,18,1586219.561,Cultivos herbaceos,Agrario,4,3,Salinas de Cabo de Gata,IHA611009,148.254556,1.078465000,147.176091
134119,441,CULTIVOS HERBACEOS Y LEÃ‘OSOS EN SECANO,3677.068277809999927,1953.707286849617958,88,CULTIVOS HERBACEOS Y LEÑOSOS EN SECANO,NA,CULTIVOS HERBACEOS Y LEÑOSOS EN SECANO,19,1953.707,Areas agrarias heterogeneas,Agrario,4,3,Salinas de Cabo de Gata,IHA611009,14.795320,0.202745000,14.592575
6115,117,URBANIZACIONES AGRICOLA / RESIDENCIALES,2527.969652889999907,137615.271654102951288,9,URBANIZACIONES AGRICOLA / RESIDENCIALES,"117",Agricola residencial,1,137615.272,Tejido urbano,Urbano e infraestructuras,1,5,Canada de las Norias,IHA611005,15.559714,0.000000000,15.559714
116192,423,CULTIVOS FORZADOS BAJO PLASTICO,478017.638985999976285,7792199.801621209830046,56,CULTIVOS FORZADOS BAJO PLASTICO,"404",Invernadero de estructura itinerante o temporal,17,7792199.802,Invernaderos,Agrario invernaderos,2,5,Canada de las Norias,IHA611005,282.555659,10.006968000,272.548691
144808,451,CULTIVOS HERBACEOS Y LEÃ‘OSOS REGADOS,468.255189250999990,9991.929582715034485,89,CULTIVOS HERBACEOS Y LEÑOSOS REGADOS,NA,CULTIVOS HERBACEOS Y LEÑOSOS REGADOS,19,9991.930,Areas agrarias heterogeneas,Agrario,4,3,Canada de las Norias,IHA611005,60.674684,3.361946000,57.312738
297,111,TEJIDO URBANO,1329.433383139999933,53639.783541521988809,13,ZONAS INDUSTRIALES Y COMERCIALES,"125",Complejo comercial y/o de ocio,2,53639.784,Zonas industriales y comerciales,Urbano e infraestructuras,1,5,Canada de las Norias,IHA611005,38.849629,1.126939000,37.722690
24205,155,ZONAS EN CONSTRUCCION,2259.799180559999968,91010.754284444294171,83,ZONAS EN CONSTRUCCION,NA,Zonas en construccion,24,91010.754,Zonas en construccion,Urbano e infraestructuras,1,4,Canada de las Norias,IHA611005,9.101075,0.000000000,9.101075
45867,411,CULTIVOS HERBACEOS EN SECANO,915.000044007000042,39606.536239695502445,85,CULTIVOS HERBACEOS EN SECANO,NA,CULTIVOS HERBACEOS EN SECANO,18,39606.536,Cultivos herbaceos,Agrario,4,3,Canada de las Norias,IHA611005,165.011085,123.284160000,41.726925
341888,911,MATORRAL DENSO,590.097865703000025,104.548776753246784,72,MATORRAL DENSO,"911",Matorral denso,20,104.549,Vegetacion natural,Cobertura vegetal y suelos,5,1,Canada de las Norias,IHA611005,22.973942,0.000000000,22.973942
282180,725,MATORRAL DISP. ARBOLADO: CONIFERAS. DISPERSO,51379.259538999998767,573915.945733890170231,65,MATORRAL DISP. ARBOLADO: CONIFERAS. DISPERSO,"725",Matorral disperso arbolado: coniferas. disperso,20,573915.946,Vegetacion natural,Cobertura vegetal y suelos,5,1,Saladar del Margen,IHA614009,549.302409,67.735159000,481.567250
152508,471,CULTIVOS HERBACEOS Y PASTIZALES,1207.275789239999995,38431.890562202781439,91,CULTIVOS HERBACEOS Y PASTIZALES,NA,CULTIVOS HERBACEOS Y PASTIZALES,19,38431.891,Areas agrarias heterogeneas,Agrario,4,3,Saladar del Margen,IHA614009,21.611696,2.229458000,19.382238
66546,411,CULTIVOS HERBACEOS EN SECANO,877.510762390999957,6866.240797751583159,85,CULTIVOS HERBACEOS EN SECANO,NA,CULTIVOS HERBACEOS EN SECANO,18,6866.241,Cultivos herbaceos,Agrario,4,3,Saladar del Margen,IHA614009,148.520762,1.627907000,146.892855
140680,441,CULTIVOS HERBACEOS Y LEÃ‘OSOS EN SECANO,940.553634652000028,40.940308956429362,88,CULTIVOS HERBACEOS Y LEÑOSOS EN SECANO,NA,CULTIVOS HERBACEOS Y LEÑOSOS EN SECANO,19,40.940,Areas agrarias heterogeneas,Agrario,4,3,Cola del Embalse del Negrati­n,IHA614010,327.112800,143.768016000,183.344784
92870,415,CULTIVOS LEÃ‘OSOS EN SECANO: OLIVAR,590.121293757999979,14052.276877306399911,53,OLIVAR EN SECANO,"416",Olivar,14,14052.277,Leñoso secano,Agrario,4,3,Cola del Embalse del Negrati­n,IHA614010,27.002163,6.527977000,20.474186
65737,411,CULTIVOS HERBACEOS EN SECANO,814.132984280999949,16949.470823284238577,85,CULTIVOS HERBACEOS EN SECANO,NA,CULTIVOS HERBACEOS EN SECANO,18,16949.471,Cultivos herbaceos,Agrario,4,3,Cola del Embalse del Negrati­n,IHA614010,107.179161,52.470073000,54.709088
130878,433,CULTIVOS LEÃ‘OSOS REGADOS: OLIVOS,1773.590249220000032,14729.638560745865107,59,OLIVOS EN REGADiO,"4102",Mosaico de cultivos leñosos,15,14729.639,Leñoso regadio,Agrario,4,3,Cola del Embalse del Negrati­n,IHA614010,41.128269,1.582868000,39.545401
189782,520,FOR. ARBOL. DENSA: CONIFERAS,6744.378474729999652,5.287499404512346,60,FOR. ARBOL. DENSA: CONIFERAS,"520",Formacion arbolada: coniferas,20,5.287,Vegetacion natural,Cobertura vegetal y suelos,5,1,Cola del Embalse del Negrati­n,IHA614010,324.755379,7.514688000,317.240691
3635,115,URBANIZACIONES RESIDENCIALES,270.497039001000019,4232.746713744476438,8,URBANIZACIONES,"2002",Discontinuo,1,4232.747,Tejido urbano,Urbano e infraestructuras,1,5,Cola del Embalse del Negrati­n,IHA614010,2.215483,0.000000000,2.215483
30252,315,RIOS Y CAUCES NAT.:BOSQUE GALERIA,802.479143864999969,13143.587328631430864,45,VEGETACION RIPARIA,"315",Rios y cauces naturales: bosque galeria,11,13143.587,Vegetacion riparia,Zonas humedas,3,1,Cola del Embalse del Negrati­n,IHA614010,18.005324,9.239341000,8.765983
25476,155,ZONAS EN CONSTRUCCION,1038.545882740000025,36569.440626710653305,83,ZONAS EN CONSTRUCCION,NA,Zonas en construccion,24,36569.441,Zonas en construccion,Urbano e infraestructuras,1,4,Cola del Embalse del Negrati­n,IHA614010,3.656944,0.000000000,3.656944
117882,425,OTROS CULTIVOS HERBACEOS REGADOS,686.051893969000048,17680.809812391584273,86,OTROS CULTIVOS HERBACEOS REGADOS,NA,OTROS CULTIVOS HERBACEOS REGADOS,18,17680.810,Cultivos herbaceos,Agrario,4,3,Ribera de la Algaida,IHA611010,96.585849,17.110282000,79.475567
116128,423,CULTIVOS FORZADOS BAJO PLASTICO,2021.324366959999907,104458.084860389513779,56,CULTIVOS FORZADOS BAJO PLASTICO,"404",Invernadero de estructura itinerante o temporal,17,104458.085,Invernaderos,Agrario invernaderos,2,5,Ribera de la Algaida,IHA611010,10.445808,0.000000000,10.445808
17490,121,ZONAS INDUSTRIALES Y COMERCIALES,1122.526398409999956,21899.308203414082527,14,ZONAS INDUSTRIALES Y COMERCIALES,"168",Industria aislada,2,21899.308,Zonas industriales y comerciales,Urbano e infraestructuras,1,5,Ribera de la Algaida,IHA611010,8.176698,0.000000000,8.176698
342172,911,MATORRAL DENSO,2861.160466939999878,279150.160354077816010,72,MATORRAL DENSO,"911",Matorral denso,20,279150.160,Vegetacion natural,Cobertura vegetal y suelos,5,1,Ribera de la Algaida,IHA611010,64.455417,46.344600000,18.110817
2772,115,URBANIZACIONES RESIDENCIALES,215.075480768000006,2937.955724600702524,8,URBANIZACIONES,"2002",Discontinuo,1,2937.956,Tejido urbano,Urbano e infraestructuras,1,5,Ribera de la Algaida,IHA611010,2.660413,0.000000000,2.660413
27507,225,SALINAS INDUST. Y PARQUES DE CULTIVOS,3214.137577550000060,307928.590906276367605,38,SALINAS,"203",Salinas industriales,8,307928.591,Salinas,Zonas humedas,3,1,Ribera de la Algaida,IHA611010,30.792859,0.501525000,30.291334
20892,131,"AUTOVIAS, AUTOPISTAS Y ENLACES VIARIOS",2464.079598010000609,53705.480960129760206,17,INFRAESTRUCTURAS DE COMUNICACIONES,"2004","Vial, aparcamiento o zona peatonal sin vegetacion",3,53705.481,Infraestructuras de comunicaciones,Urbano e infraestructuras,1,5,Ribera de la Algaida,IHA611010,5.370548,0.047734000,5.322814
24239,155,ZONAS EN CONSTRUCCION,1132.183916819999922,71204.942601788789034,83,ZONAS EN CONSTRUCCION,NA,Zonas en construccion,24,71204.943,Zonas en construccion,Urbano e infraestructuras,1,4,Ribera de la Algaida,IHA611010,7.120494,0.000000000,7.120494
441875,931,"PLAYAS, DUNAS Y ARENALES",9974.108781389999422,141289.472950272203889,79,"PLAYAS, DUNAS Y ARENALES","9312",Dunas y arenales costeros,22,141289.473,"Playas, dunas y arenales",Cobertura vegetal y suelos,5,1,Ribera de la Algaida,IHA611010,14.128947,2.726028000,11.402919
385594,915,MATORRAL DISPERSO CON PASTIZAL,14108.493038000000524,115099.070429960498586,73,MATORRAL DISPERSO CON PASTIZAL,"915",Matorral disperso con pastizal,20,115099.070,Vegetacion natural,Cobertura vegetal y suelos,5,1,Barranco del Agua,IHA614023,221.954914,15.029739000,206.925175
159345,473,CULTIVOS HERBACEOS Y VEGETACION NATURAL LEÃ‘OSA,2857.292767930000082,17175.474387118592858,92,CULTIVOS HERBACEOS Y VEGETACION NATURAL LEÑOSA,NA,CULTIVOS HERBACEOS Y VEGETACION NATURAL LEÑOSA,19,17175.474,Areas agrarias heterogeneas,Agrario,4,3,Barranco del Agua,IHA614023,69.847398,0.360272000,69.487126
68530,411,CULTIVOS HERBACEOS EN SECANO,196311.936688999994658,164851.573536717856769,85,CULTIVOS HERBACEOS EN SECANO,NA,CULTIVOS HERBACEOS EN SECANO,18,164851.574,Cultivos herbaceos,Agrario,4,3,Barranco del Agua,IHA614023,40.470042,0.000000000,40.470042
63665,411,CULTIVOS HERBACEOS EN SECANO,1028.359737759999916,20665.288720715871023,85,CULTIVOS HERBACEOS EN SECANO,NA,CULTIVOS HERBACEOS EN SECANO,18,20665.289,Cultivos herbaceos,Agrario,4,3,Humedales de Baza,IHA614025,80.879998,1.082251000,79.797747
130803,433,CULTIVOS LEÃ‘OSOS REGADOS: OLIVOS,559.682056006000039,15506.806770506809698,59,OLIVOS EN REGADiO,"4102",Mosaico de cultivos leñosos,15,15506.807,Leñoso regadio,Agrario,4,3,Humedales de Baza,IHA614025,1.550681,0.000000000,1.550681
140302,441,CULTIVOS HERBACEOS Y LEÃ‘OSOS EN SECANO,2203.637095370000225,118318.184778531256597,88,CULTIVOS HERBACEOS Y LEÑOSOS EN SECANO,NA,CULTIVOS HERBACEOS Y LEÑOSOS EN SECANO,19,118318.185,Areas agrarias heterogeneas,Agrario,4,3,Humedales de Baza,IHA614025,294.681658,3.168387000,291.513271
11780,117,URBANIZACIONES AGRICOLA / RESIDENCIALES,316.521324117000006,6847.218857759551611,9,URBANIZACIONES AGRICOLA / RESIDENCIALES,"117",Agricola residencial,1,6847.219,Tejido urbano,Urbano e infraestructuras,1,5,Humedales de Baza,IHA614025,1.643452,0.000000000,1.643452
202606,611,MATORRAL DENSO ARBOLADO: QUERCINEAS DENSAS,624.920541827999955,61.156044728297275,97,MATORRAL DENSO ARBOLADO: QUERCINEAS DENSAS,NA,MATORRAL DENSO ARBOLADO: QUERCINEAS DENSAS,20,61.156,Vegetacion natural,Cobertura vegetal y suelos,5,1,Humedales de Baza,IHA614025,139.083384,64.951755000,74.131629
33945,317,RIOS Y CAUCES NAT.:OTRAS FORM. RIPARIAS,103013.071335000000545,385382.635854872874916,46,VEGETACION RIPARIA,"317",Rios y cauces nat: otras formas riparias,11,385382.636,Vegetacion riparia,Zonas humedas,3,1,Ri­o Antas,IHA611017,38.538264,32.385422000,6.152842
187886,520,FOR. ARBOL. DENSA: CONIFERAS,701.808933582999884,16726.651494111865759,60,FOR. ARBOL. DENSA: CONIFERAS,"520",Formacion arbolada: coniferas,20,16726.651,Vegetacion natural,Cobertura vegetal y suelos,5,1,Ri­o Antas,IHA611017,149.652231,11.008298000,138.643933
3101,115,URBANIZACIONES RESIDENCIALES,4457.266709030000129,52490.863752696204756,8,URBANIZACIONES,"2002",Discontinuo,1,52490.864,Tejido urbano,Urbano e infraestructuras,1,5,Ri­o Antas,IHA611017,28.974610,0.027342000,28.947268
445837,935,ZONAS SIN VEGETACION POR ROTURACION,1257.054102020000073,50987.692064564675093,82,ZONAS SIN VEGETACION POR ROTURACION,"935",Zonas sin vegetacion por roturacion,23,50987.692,Areas con fuertes procesos erosivos,Cobertura vegetal y suelos,5,1,Ri­o Antas,IHA611017,5.098769,1.347330000,3.751439
53403,411,CULTIVOS HERBACEOS EN SECANO,2421.489896800000224,281634.299834900535643,85,CULTIVOS HERBACEOS EN SECANO,NA,CULTIVOS HERBACEOS EN SECANO,18,281634.300,Cultivos herbaceos,Agrario,4,3,Ri­o Antas,IHA611017,211.500415,4.196756000,207.303659
441943,931,"PLAYAS, DUNAS Y ARENALES",13191.453607699999338,161670.522722538094968,79,"PLAYAS, DUNAS Y ARENALES","9312",Dunas y arenales costeros,22,161670.523,"Playas, dunas y arenales",Cobertura vegetal y suelos,5,1,Ri­o Antas,IHA611017,16.167052,1.815452000,14.351600
24622,155,ZONAS EN CONSTRUCCION,1490.478862850000041,24919.263425946235657,83,ZONAS EN CONSTRUCCION,NA,Zonas en construccion,24,24919.263,Zonas en construccion,Urbano e infraestructuras,1,4,Ri­o Antas,IHA611017,4.953819,0.000000000,4.953819
136416,441,CULTIVOS HERBACEOS Y LEÃ‘OSOS EN SECANO,1739.778980750000073,39329.841723829507828,88,CULTIVOS HERBACEOS Y LEÑOSOS EN SECANO,NA,CULTIVOS HERBACEOS Y LEÑOSOS EN SECANO,19,39329.842,Areas agrarias heterogeneas,Agrario,4,3,Ri­o Antas,IHA611017,40.500513,0.198510000,40.302003
198937,570,FOR. ARBOL. DENSA: CONIFERAS+EUCALIPTOS,886.989112725000041,34981.258613657206297,96,FOR. ARBOL. DENSA: CONIFERAS+EUCALIPTOS,NA,FOR. ARBOL. DENSA: CONIFERAS+EUCALIPTOS,21,34981.259,Vegetación con eucaliptos,Cobertura vegetal y suelos,5,2,Salar de los Canos,IHA611018,7.885695,0.018398000,7.867297
24665,155,ZONAS EN CONSTRUCCION,1407.264288540000052,44416.912789249327034,83,ZONAS EN CONSTRUCCION,NA,Zonas en construccion,24,44416.913,Zonas en construccion,Urbano e infraestructuras,1,4,Salar de los Canos,IHA611018,21.970764,8.982645000,12.988119
156281,473,CULTIVOS HERBACEOS Y VEGETACION NATURAL LEÃ‘OSA,1322.263112220000039,32524.937681088806130,92,CULTIVOS HERBACEOS Y VEGETACION NATURAL LEÑOSA,NA,CULTIVOS HERBACEOS Y VEGETACION NATURAL LEÑOSA,19,32524.938,Areas agrarias heterogeneas,Agrario,4,3,Salar de los Canos,IHA611018,6.559967,0.000000000,6.559967
347190,911,MATORRAL DENSO,1361.990669759999946,16954.517685297876596,72,MATORRAL DENSO,"911",Matorral denso,20,16954.518,Vegetacion natural,Cobertura vegetal y suelos,5,1,Salar de los Canos,IHA611018,154.185114,46.360633000,107.824481
132597,439,OTROS CULTIVOS LEÃ‘OSOS REGADOS,4173.926508839999769,465735.526031049899757,7,TEJIDO URBANO,"2000",Ensanche,1,465735.526,Tejido urbano,Urbano e infraestructuras,1,5,Salar de los Canos,IHA611018,47.915313,0.000000000,47.915313
53705,411,CULTIVOS HERBACEOS EN SECANO,2712.613518529999965,46067.775879506021738,85,CULTIVOS HERBACEOS EN SECANO,NA,CULTIVOS HERBACEOS EN SECANO,18,46067.776,Cultivos herbaceos,Agrario,4,3,Salar de los Canos,IHA611018,104.551092,2.051572000,102.499520
