fid,pct_arbo,pct_mato,pct_herb,pct_suelo,pct_querc,pct_conif,pct_eu,pct_ofro,pct_culth,pct_cultl,pct_citri,pct_olivar,pct_vitis,pct_ofrut,pct_agua,pct_edif,pct_vial,pct_zverde,pct_zexver,os_cod_n4,os_des_n4,os_cod_n3,os_des_n3,os_cod_n2,os_des_n2,os_cod_n1,os_des_n1,cd_prov,Humedal,_N,_SIOSE,_COD_95,_Usos MUCV,_COD_NUEVO,USOS_CHERB,COD_CHERB,USOS_DEFIN,USOS_GENER,COD_GENERA,COD_PRESIO,NOMBRE_HUM,COD_IHA,USOShum_ha,HUM_ha,BUF_ha
964867,0,30,0,0,0,0,0,0,0,0,0,0,0,0,10,15,45,0,0,113,AgrÃ­cola/ganadero,113,"Instalaciones agrÃ­cola, ganadera",12,Industrial,1,Artificial,4,IHA611007,22,OTRAS INFRAESTRUCTURAS TECNICAS,"141",Agricola/ganadero,19,,,Areas agrarias heterogeneas,Agrario,4,3,Albufera Nueva,IHA611008,0.395934,0.000000,0.395934
957570,0,0,95,0,0,0,0,0,0,0,0,0,0,0,5,0,0,0,0,332,Lagos y lagunas,3021,Otras zonas hÃºmedas naturales,51,Zonas hÃºmedas,5,Zonas hÃºmedas,4,IHA611008,49,LAGUNAS CONTINENTALES,"331",Lagos y lagunas,12,,,Lagos y lagunas,Zonas humedas,3,1,Albufera Nueva,IHA611008,37.075299,34.773864,2.301435
955983,0,0,0,0,0,0,0,0,0,0,0,0,0,0,0,0,100,0,0,182,VÃ­a de comunicaciÃ³n no asfaltada,3005,Redes viarias y ferroviarias,15,Infraestructuras de transporte,1,Artificial,4,IHA611007,16,INFRAESTRUCTURAS DE COMUNICACIONES,"131",Via de comunicacion no asfaltada,3,,,Infraestructuras de comunicaciones,Urbano e infraestructuras,1,5,Albufera Honda,IHA611007,0.456653,0.000000,0.456653
1193346,0,10,80,10,0,0,0,0,0,0,0,0,0,0,0,0,0,0,0,921,Pastizal continuo,35,Pastizal,35,Pastizal,4,Forestal,4,IHA611007,75,PASTIZAL CONTINUO,"921",Pastizal continuo,20,,,Vegetacion natural,Cobertura vegetal y suelos,5,1,Albufera Honda,IHA611007,2.915832,0.000000,2.915832
976416,0,0,0,0,0,0,0,0,0,0,0,0,0,0,100,0,0,0,0,345,Balsa de riego o ganadera,3020,Zonas hÃºmedas artificiales,51,Zonas hÃºmedas,5,Zonas hÃºmedas,4,IHA611007,51,BALSAS DE RIEGO Y GANADERAS,"345",Balsa de riego o ganadera,13,,,Masas de agua artificial,Zonas humedas,3,4,Albufera Nueva,IHA611008,0.240395,0.000723,0.239672
1303034,0,10,20,70,0,0,0,0,0,0,0,0,0,0,0,0,0,0,0,317,RÃ­os y cauces nat: otras formas riparias,3022,RÃ­os y cauces con y sin vegetaciÃ³n asociada,51,Zonas hÃºmedas,5,Zonas hÃºmedas,4,IHA611007,46,VEGETACION RIPARIA,"317",Rios y cauces nat: otras formas riparias,11,,,Vegetacion riparia,Zonas humedas,3,1,Albufera Honda,IHA611007,0.559021,0.000000,0.559021
1200577,0,0,75,25,0,0,0,0,0,0,0,0,0,0,0,0,0,0,0,925,"Pastizal con claros (roca, suelo)",35,Pastizal,35,Pastizal,4,Forestal,4,IHA611007,76,"PASTIZAL CON CLAROS (ROCA, SUELO)","925","Pastizal con claros (roca, suelo)",20,,,Vegetacion natural,Cobertura vegetal y suelos,5,1,Albufera Nueva,IHA611008,15.812209,0.002798,15.809411
954055,0,55,15,0,0,0,0,0,0,30,0,0,0,30,0,0,0,0,0,997,Otros cultivos leÃ±osos,3011,Frutales no cÃ­tricos,23,Cultivos leÃ±osos,2,AgrÃ­cola,4,IHA611007,58,OTROS CULTIVOS LEÑOSOS EN REGADIO,"997",Otros cultivos leñosos,15,,,Leñoso regadio,Agrario,4,3,Albufera Honda,IHA611007,0.290710,0.000000,0.290710
973039,0,0,80,10,0,0,0,0,0,0,0,0,0,0,0,0,0,0,0,200,VegetaciÃ³n lagunar,3021,Otras zonas hÃºmedas naturales,51,Zonas hÃºmedas,5,Zonas hÃºmedas,4,IHA611007,44,VEGETACION RIPARIA,"331",Vegetacion lagunar,11,,,Vegetacion riparia,Zonas humedas,3,1,Albufera Nueva,IHA611008,20.984160,11.796169,9.187991
957774,0,0,0,0,0,0,0,0,0,0,0,0,0,0,0,100,0,0,0,101,Casco,11,Urbano mixto,11,Urbano mixto,1,Artificial,4,IHA611007,2,TEJIDO URBANO,"111",Casco,1,,,Tejido urbano,Urbano e infraestructuras,1,5,Albufera Honda,IHA611007,1.083225,0.000000,1.083225
967898,0,0,0,0,0,0,0,0,0,0,0,0,0,0,0,45,45,10,0,122,Comercial y oficinas,3003,"Servicios, comercial y oficinas",11,Urbano mixto,1,Artificial,4,IHA611007,12,ZONAS INDUSTRIALES Y COMERCIALES,"121",Comercial y oficinas,2,,,Zonas industriales y comerciales,Urbano e infraestructuras,1,5,Albufera Honda,IHA611007,1.712292,0.000000,1.712292
918465,0,0,0,0,0,0,0,0,0,0,0,0,0,0,0,100,0,0,0,101,Casco,11,Urbano mixto,11,Urbano mixto,1,Artificial,4,IHA611007,2,TEJIDO URBANO,"111",Casco,1,,,Tejido urbano,Urbano e infraestructuras,1,5,Albufera Nueva,IHA611008,0.002147,0.000000,0.002147
1287737,0,0,0,0,0,0,0,0,0,0,0,0,0,0,0,0,100,0,0,131,Red viaria,3005,Redes viarias y ferroviarias,15,Infraestructuras de transporte,1,Artificial,4,IHA611007,15,INFRAESTRUCTURAS DE COMUNICACIONES,"131",Red viaria,3,,,Infraestructuras de comunicaciones,Urbano e infraestructuras,1,5,Albufera Nueva,IHA611008,13.957025,0.063557,13.893468
990494,0,0,0,0,0,0,0,0,100,0,0,0,0,0,0,0,0,0,0,403,Invernadero de estructura permanente,22,Invernaderos,22,Invernaderos,2,AgrÃ­cola,4,IHA611008,55,CULTIVOS FORZADOS BAJO PLASTICO,"423",Invernadero de estructura permanente,17,,,Invernaderos,Agrario invernaderos,2,5,Albufera Nueva,IHA611008,115.899998,0.098710,115.801288
1224874,0,0,0,100,0,0,0,0,0,0,0,0,0,0,0,0,0,0,0,945,Suelo desnudo,945,Suelo desnudo,47,Zonas sin vegetaciÃ³n,4,Forestal,4,IHA611008,80,ROQUEDOS Y SUELO DESNUDO,"932",Suelo desnudo,23,,,Areas con fuertes procesos erosivos,Cobertura vegetal y suelos,5,1,Albufera Nueva,IHA611008,1.724088,0.042953,1.681135
990641,0,0,0,0,0,0,0,0,100,0,0,0,0,0,0,0,0,0,0,403,Invernadero de estructura permanente,22,Invernaderos,22,Invernaderos,2,AgrÃ­cola,4,IHA611007,55,CULTIVOS FORZADOS BAJO PLASTICO,"423",Invernadero de estructura permanente,17,,,Invernaderos,Agrario invernaderos,2,5,Albufera Honda,IHA611007,24.239210,0.000000,24.239210
1227164,0,0,0,100,0,0,0,0,0,0,0,0,0,0,0,0,0,0,0,945,Suelo desnudo,945,Suelo desnudo,47,Zonas sin vegetaciÃ³n,4,Forestal,4,IHA611007,80,ROQUEDOS Y SUELO DESNUDO,"932",Suelo desnudo,23,,,Areas con fuertes procesos erosivos,Cobertura vegetal y suelos,5,1,Albufera Honda,IHA611007,0.044515,0.000000,0.044515
1275767,0,0,0,85,0,0,0,0,0,0,0,0,0,0,0,0,0,15,0,2005,Zona verde ajardinadaÂ ,3001,Zonas verdes urbanas,11,Urbano mixto,1,Artificial,4,IHA611007,33,ZONAS VERDES Y ESPACIOS DE OCIO,"191",Zona verde ajardinada ,6,,,Zonas verdes y espacios de ocio,Urbano e infraestructuras,1,3,Albufera Honda,IHA611007,1.065458,0.000000,1.065458
1284347,0,0,0,100,0,0,0,0,0,0,0,0,0,0,0,0,0,0,0,9311,Playas,3018,"Playas, dunas, acantilados y arenales",47,Zonas sin vegetaciÃ³n,4,Forestal,4,IHA611008,78,"PLAYAS, DUNAS Y ARENALES","931",Playas,22,,,"Playas, dunas y arenales",Cobertura vegetal y suelos,5,1,Albufera Nueva,IHA611008,18.188042,0.001456,18.186586
1037034,0,0,0,0,0,0,0,0,0,100,100,0,0,0,0,0,0,0,0,431,CÃ­tricos,431,Frutales cÃ­tricos,23,Cultivos leÃ±osos,2,AgrÃ­cola,4,IHA611008,57,CITRICOS,"431",Citricos,15,,,Leñoso regadio,Agrario,4,3,Albufera Nueva,IHA611008,4.884310,0.000000,4.884310
956651,0,0,0,0,0,0,0,0,0,0,0,0,0,0,0,0,0,0,0,0,Sin asignaciÃ³n,0,Sin asignaciÃ³n,0,Sin asignaciÃ³n,0,Sin asignaciÃ³n,4,IHA611008,1,SIN ASIGNACIoN,"0",Sin asignacion,0,,,Sin asignacion,Urbano e infraestructuras,1,5,Albufera Nueva,IHA611008,0.342128,0.000000,0.342128
971609,0,0,0,0,0,0,0,0,0,0,0,0,0,0,0,100,0,0,0,168,Industria aislada,3002,Zonas industriales,12,Industrial,1,Artificial,4,IHA611008,14,ZONAS INDUSTRIALES Y COMERCIALES,"121",Industria aislada,2,,,Zonas industriales y comerciales,Urbano e infraestructuras,1,5,Albufera Nueva,IHA611008,0.931469,0.000000,0.931469
1276990,0,0,0,30,0,0,0,0,0,0,0,0,0,0,50,20,0,0,0,2008,LÃ¡mina de agua artificial,3020,Zonas hÃºmedas artificiales,51,Zonas hÃºmedas,5,Zonas hÃºmedas,4,IHA611008,48,CANALES ARTIFICIALES,"321",Lamina de agua artificial,10,,,"Rios, cauces o ramblas",Zonas humedas,3,1,Albufera Nueva,IHA611008,0.365927,0.000407,0.365520
977305,0,0,0,0,0,0,0,0,0,0,0,0,0,0,100,0,0,0,0,345,Balsa de riego o ganadera,3020,Zonas hÃºmedas artificiales,51,Zonas hÃºmedas,5,Zonas hÃºmedas,4,IHA611007,51,BALSAS DE RIEGO Y GANADERAS,"345",Balsa de riego o ganadera,13,,,Masas de agua artificial,Zonas humedas,3,4,Albufera Honda,IHA611007,0.688519,0.000000,0.688519
1241432,0,20,0,80,0,0,0,0,0,0,0,0,0,0,0,0,0,0,0,960,Ramblas,3022,RÃ­os y cauces con y sin vegetaciÃ³n asociada,51,Zonas hÃºmedas,5,Zonas hÃºmedas,4,IHA611007,41,RIOS Y CAUCES,NA,Ramblas,10,,,"Rios, cauces o ramblas",Zonas humedas,3,1,Albufera Honda,IHA611007,0.262309,0.000000,0.262309
974073,0,0,0,0,0,0,0,0,0,0,0,0,0,0,100,0,0,0,0,345,Balsa de riego o ganadera,3020,Zonas hÃºmedas artificiales,51,Zonas hÃºmedas,5,Zonas hÃºmedas,4,IHA611001,51,BALSAS DE RIEGO Y GANADERAS,"345",Balsa de riego o ganadera,13,,,Masas de agua artificial,Zonas humedas,3,4,Charcones de Punta Entinas,IHA611001,0.249270,0.000000,0.249270
918360,0,0,0,0,0,0,0,0,0,0,0,0,0,0,0,0,0,0,0,0,Sin asignaciÃ³n,0,Sin asignaciÃ³n,0,Sin asignaciÃ³n,0,Sin asignaciÃ³n,4,IHA611001,1,SIN ASIGNACIoN,"0",Sin asignacion,0,,,Sin asignacion,Urbano e infraestructuras,1,5,Charcones de Punta Entinas,IHA611001,0.045581,0.000000,0.045581
973176,0,0,20,80,0,0,0,0,0,0,0,0,0,0,0,0,0,0,0,210,Marisma con vegetaciÃ³n,3021,Otras zonas hÃºmedas naturales,51,Zonas hÃºmedas,5,Zonas hÃºmedas,4,IHA611004,34,MARISMA CON VEGETACION,"211",Marisma con vegetacion,7,,,Marisma,Zonas humedas,3,1,Salinas de Cerrillos,IHA611004,10.209385,4.101451,6.107934
990043,0,0,0,0,0,0,0,0,100,0,0,0,0,0,0,0,0,0,0,403,Invernadero de estructura permanente,22,Invernaderos,22,Invernaderos,2,AgrÃ­cola,4,IHA611004,55,CULTIVOS FORZADOS BAJO PLASTICO,"423",Invernadero de estructura permanente,17,,,Invernaderos,Agrario invernaderos,2,5,Salinas de Cerrillos,IHA611004,373.960860,0.299952,373.660908
1287676,0,0,0,0,0,0,0,0,0,0,0,0,0,0,0,0,100,0,0,131,Red viaria,3005,Redes viarias y ferroviarias,15,Infraestructuras de transporte,1,Artificial,4,IHA611004,15,INFRAESTRUCTURAS DE COMUNICACIONES,"131",Red viaria,3,,,Infraestructuras de comunicaciones,Urbano e infraestructuras,1,5,Charcones de Punta Entinas,IHA611001,21.635335,1.508483,20.126852
974075,0,0,0,0,0,0,0,0,0,0,0,0,0,0,100,0,0,0,0,345,Balsa de riego o ganadera,3020,Zonas hÃºmedas artificiales,51,Zonas hÃºmedas,5,Zonas hÃºmedas,4,IHA611004,51,BALSAS DE RIEGO Y GANADERAS,"345",Balsa de riego o ganadera,13,,,Masas de agua artificial,Zonas humedas,3,4,Salinas de Cerrillos,IHA611004,2.180691,0.000000,2.180691
957626,0,0,0,0,0,0,0,0,0,0,0,0,0,0,0,100,0,0,0,101,Casco,11,Urbano mixto,11,Urbano mixto,1,Artificial,4,IHA611004,2,TEJIDO URBANO,"111",Casco,1,,,Tejido urbano,Urbano e infraestructuras,1,5,Charcones de Punta Entinas,IHA611001,0.188188,0.000000,0.188188
1280074,0,0,0,0,0,0,0,0,0,0,0,0,0,0,100,0,0,0,0,9312,Dunas y arenales costeros,3018,"Playas, dunas, acantilados y arenales",47,Zonas sin vegetaciÃ³n,4,Forestal,4,IHA611004,79,"PLAYAS, DUNAS Y ARENALES","931",Dunas y arenales costeros,22,,,"Playas, dunas y arenales",Cobertura vegetal y suelos,5,1,Salinas de Cerrillos,IHA611004,30.537367,0.000000,30.537367
973683,0,0,0,0,0,0,0,0,0,0,0,0,0,0,100,0,0,0,0,291,Mares y ocÃ©anos,3021,Otras zonas hÃºmedas naturales,51,Zonas hÃºmedas,5,Zonas hÃºmedas,4,IHA611001,40,MARES Y OCEANOS,"291",Mares y oceanos,9,,,Mares y oceanos,Zonas humedas,3,1,Charcones de Punta Entinas,IHA611001,0.570083,0.000000,0.570083
973778,0,35,15,50,0,0,0,0,0,0,0,0,0,0,0,0,0,0,0,332,Lagos y lagunas,3021,Otras zonas hÃºmedas naturales,51,Zonas hÃºmedas,5,Zonas hÃºmedas,4,IHA611004,49,LAGUNAS CONTINENTALES,"331",Lagos y lagunas,12,,,Lagos y lagunas,Zonas humedas,3,1,Salinas de Cerrillos,IHA611004,7.625296,5.704285,1.921011
973614,0,10,10,80,0,0,0,0,0,0,0,0,0,0,0,0,0,0,0,221,Salinas tradicionales,3020,Zonas hÃºmedas artificiales,51,Zonas hÃºmedas,5,Zonas hÃºmedas,4,IHA611004,39,SALINAS,"221",Salinas tradicionales,8,,,Salinas,Zonas humedas,3,1,Charcones de Punta Entinas,IHA611001,0.793217,0.780997,0.012220
973144,0,90,0,10,0,0,0,0,0,0,0,0,0,0,0,0,0,0,0,200,VegetaciÃ³n lagunar,3021,Otras zonas hÃºmedas naturales,51,Zonas hÃºmedas,5,Zonas hÃºmedas,4,IHA611001,44,VEGETACION RIPARIA,"331",Vegetacion lagunar,11,,,Vegetacion riparia,Zonas humedas,3,1,Charcones de Punta Entinas,IHA611001,74.280868,40.297062,33.983806
970307,0,0,0,40,0,0,0,0,0,0,0,0,0,0,0,0,60,0,0,153,Escombreras y vertederos,3008,Infraestructuras de residuos,16,Infraestructuras tÃ©cnicas,1,Artificial,4,IHA611001,25,ESCOMBRERAS Y VERTEDEROS,"153",Escombreras y vertederos,5,,,"Zonas mineras, escombreras o de vertido",Urbano e infraestructuras,1,5,Charcones de Punta Entinas,IHA611001,6.120847,0.000000,6.120847
970244,0,0,0,0,0,0,0,0,0,0,0,0,0,0,0,100,0,0,0,168,Industria aislada,3002,Zonas industriales,12,Industrial,1,Artificial,4,IHA611001,14,ZONAS INDUSTRIALES Y COMERCIALES,"121",Industria aislada,2,,,Zonas industriales y comerciales,Urbano e infraestructuras,1,5,Charcones de Punta Entinas,IHA611001,0.087128,0.000000,0.087128
1069532,15,55,25,5,0,15,0,0,0,0,0,0,0,0,0,0,0,0,0,625,Matorral denso arbolado: conÃ­feras dispersas,3014,Matorrales con arbolado puro,45,Matorrales con arbolado,4,Forestal,4,IHA611004,63,MATORRAL DENSO ARBOLADO: CONIFERAS DISPERSAS,"625",Matorral denso arbolado: coniferas dispersas,20,,,Vegetacion natural,Cobertura vegetal y suelos,5,1,Salinas de Cerrillos,IHA611004,14.005036,1.656498,12.348538
1234615,0,0,20,80,0,0,0,0,0,0,0,0,0,0,0,0,0,0,0,945,Suelo desnudo,945,Suelo desnudo,47,Zonas sin vegetaciÃ³n,4,Forestal,4,IHA611001,80,ROQUEDOS Y SUELO DESNUDO,"932",Suelo desnudo,23,,,Areas con fuertes procesos erosivos,Cobertura vegetal y suelos,5,1,Charcones de Punta Entinas,IHA611001,24.312531,0.173093,24.139438
1285498,0,0,0,100,0,0,0,0,0,0,0,0,0,0,0,0,0,0,0,9312,Dunas y arenales costeros,3018,"Playas, dunas, acantilados y arenales",47,Zonas sin vegetaciÃ³n,4,Forestal,4,IHA611004,79,"PLAYAS, DUNAS Y ARENALES","931",Dunas y arenales costeros,22,,,"Playas, dunas y arenales",Cobertura vegetal y suelos,5,1,Charcones de Punta Entinas,IHA611001,267.319382,6.965319,260.354063
973697,0,0,0,0,0,0,0,0,0,0,0,0,0,0,100,0,0,0,0,332,Lagos y lagunas,3021,Otras zonas hÃºmedas naturales,51,Zonas hÃºmedas,5,Zonas hÃºmedas,4,IHA611001,49,LAGUNAS CONTINENTALES,"331",Lagos y lagunas,12,,,Lagos y lagunas,Zonas humedas,3,1,Charcones de Punta Entinas,IHA611001,162.911960,145.973162,16.938798
973218,0,10,90,0,0,0,0,0,0,0,0,0,0,0,0,0,0,0,0,210,Marisma con vegetaciÃ³n,3021,Otras zonas hÃºmedas naturales,51,Zonas hÃºmedas,5,Zonas hÃºmedas,4,IHA611001,34,MARISMA CON VEGETACION,"211",Marisma con vegetacion,7,,,Marisma,Zonas humedas,3,1,Charcones de Punta Entinas,IHA611001,10.874728,8.256946,2.617782
990040,0,0,0,0,0,0,0,0,100,0,0,0,0,0,0,0,0,0,0,403,Invernadero de estructura permanente,22,Invernaderos,22,Invernaderos,2,AgrÃ­cola,4,IHA611001,55,CULTIVOS FORZADOS BAJO PLASTICO,"423",Invernadero de estructura permanente,17,,,Invernaderos,Agrario invernaderos,2,5,Charcones de Punta Entinas,IHA611001,119.099478,0.000000,119.099478
1098198,10,10,80,0,0,0,0,10,0,0,0,0,0,0,0,0,0,0,0,840,Pastizal arbolado: otras frondosas,3016,Pastizales con arbolado puro,46,Pastizales con arbolado,4,Forestal,4,IHA611001,71,PASTIZAL ARBOLADO: OTRAS FRONDOSAS,"840",Pastizal arbolado: otras frondosas,20,,,Vegetacion natural,Cobertura vegetal y suelos,5,1,Charcones de Punta Entinas,IHA611001,111.207170,9.999050,101.208120
973301,0,35,15,50,0,0,0,0,0,0,0,0,0,0,0,0,0,0,0,210,Marisma con vegetaciÃ³n,3021,Otras zonas hÃºmedas naturales,51,Zonas hÃºmedas,5,Zonas hÃºmedas,4,IHA611004,34,MARISMA CON VEGETACION,"211",Marisma con vegetacion,7,,,Marisma,Zonas humedas,3,1,Laguna de la Gravera,IHA611002,9.060193,3.668303,5.391890
1291685,0,0,0,0,0,0,0,0,0,0,0,0,0,0,0,0,100,0,0,182,VÃ­a de comunicaciÃ³n no asfaltada,3005,Redes viarias y ferroviarias,15,Infraestructuras de transporte,1,Artificial,4,IHA611004,16,INFRAESTRUCTURAS DE COMUNICACIONES,"131",Via de comunicacion no asfaltada,3,,,Infraestructuras de comunicaciones,Urbano e infraestructuras,1,5,Laguna de la Gravera,IHA611002,12.580485,1.528838,11.051647
1161335,0,35,0,65,0,0,0,0,0,0,0,0,0,0,0,0,0,0,0,917,Matorral disperso con pasto y roca o suelo,41,Matorral,41,Matorral,4,Forestal,4,IHA611004,74,MATORRAL DISPERSO CON PASTO Y ROCA O SUELO,"917",Matorral disperso con pasto y roca o suelo,20,,,Vegetacion natural,Cobertura vegetal y suelos,5,1,Laguna de la Gravera,IHA611002,45.594117,0.026900,45.567217
973668,0,35,20,40,0,0,0,0,0,0,0,0,0,0,5,0,0,0,0,221,Salinas tradicionales,3020,Zonas hÃºmedas artificiales,51,Zonas hÃºmedas,5,Zonas hÃºmedas,4,IHA611004,39,SALINAS,"221",Salinas tradicionales,8,,,Salinas,Zonas humedas,3,1,Laguna de la Gravera,IHA611002,193.498474,189.491001,4.007473
1270279,0,0,0,0,0,0,0,0,0,0,0,0,0,0,0,5,95,0,0,2000,Ensanche,11,Urbano mixto,11,Urbano mixto,1,Artificial,4,IHA611004,7,TEJIDO URBANO,"439",Ensanche,1,,,Tejido urbano,Urbano e infraestructuras,1,5,Laguna de la Gravera,IHA611002,26.087968,0.330466,25.757502
973713,0,0,0,0,0,0,0,0,0,0,0,0,0,0,100,0,0,0,0,332,Lagos y lagunas,3021,Otras zonas hÃºmedas naturales,51,Zonas hÃºmedas,5,Zonas hÃºmedas,4,IHA611004,49,LAGUNAS CONTINENTALES,"331",Lagos y lagunas,12,,,Lagos y lagunas,Zonas humedas,3,1,Laguna de la Gravera,IHA611002,2.250113,1.308208,0.941905
1226895,0,0,0,100,0,0,0,0,0,0,0,0,0,0,0,0,0,0,0,945,Suelo desnudo,945,Suelo desnudo,47,Zonas sin vegetaciÃ³n,4,Forestal,4,IHA611004,80,ROQUEDOS Y SUELO DESNUDO,"932",Suelo desnudo,23,,,Areas con fuertes procesos erosivos,Cobertura vegetal y suelos,5,1,Laguna de la Gravera,IHA611002,4.439372,0.000000,4.439372
974434,0,0,0,0,0,0,0,0,0,0,0,0,0,0,100,0,0,0,0,345,Balsa de riego o ganadera,3020,Zonas hÃºmedas artificiales,51,Zonas hÃºmedas,5,Zonas hÃºmedas,4,IHA611004,51,BALSAS DE RIEGO Y GANADERAS,"345",Balsa de riego o ganadera,13,,,Masas de agua artificial,Zonas humedas,3,4,Laguna de la Gravera,IHA611002,3.104644,0.000000,3.104644
968708,0,0,0,0,0,0,0,0,0,0,0,0,0,0,20,0,15,65,0,142,Campos de golf,3004,"Ocio, cultural y deportivo",11,Urbano mixto,1,Artificial,4,IHA611004,30,ZONAS VERDES Y ESPACIOS DE OCIO,"193",Campos de golf,6,,,Zonas verdes y espacios de ocio,Urbano e infraestructuras,1,3,Laguna de la Gravera,IHA611002,37.175185,0.000000,37.175185
1242585,0,0,0,0,0,0,0,0,0,100,0,0,0,100,0,0,0,0,0,997,Otros cultivos leÃ±osos,3011,Frutales no cÃ­tricos,23,Cultivos leÃ±osos,2,AgrÃ­cola,4,IHA611004,58,OTROS CULTIVOS LEÑOSOS EN REGADIO,"997",Otros cultivos leñosos,15,,,Leñoso regadio,Agrario,4,3,Salinas de Cerrillos,IHA611004,0.257583,0.000000,0.257583
1226889,0,0,0,100,0,0,0,0,0,0,0,0,0,0,0,0,0,0,0,945,Suelo desnudo,945,Suelo desnudo,47,Zonas sin vegetaciÃ³n,4,Forestal,4,IHA611004,80,ROQUEDOS Y SUELO DESNUDO,"932",Suelo desnudo,23,,,Areas con fuertes procesos erosivos,Cobertura vegetal y suelos,5,1,Salinas de Cerrillos,IHA611004,20.305470,0.000000,20.305470
968731,0,10,0,0,0,0,0,0,0,0,0,0,0,0,0,0,90,0,0,142,Campos de golf,3004,"Ocio, cultural y deportivo",11,Urbano mixto,1,Artificial,4,IHA611004,30,ZONAS VERDES Y ESPACIOS DE OCIO,"193",Campos de golf,6,,,Zonas verdes y espacios de ocio,Urbano e infraestructuras,1,3,Salinas de Cerrillos,IHA611004,2.008560,0.056190,1.952370
973554,0,10,0,30,0,0,0,0,0,0,0,0,0,0,60,0,0,0,0,221,Salinas tradicionales,3020,Zonas hÃºmedas artificiales,51,Zonas hÃºmedas,5,Zonas hÃºmedas,4,IHA611004,39,SALINAS,"221",Salinas tradicionales,8,,,Salinas,Zonas humedas,3,1,Salinas de Cerrillos,IHA611004,719.000050,452.108724,266.891326
1270840,0,0,0,0,0,0,0,0,0,0,0,0,0,0,0,80,20,0,0,2000,Ensanche,11,Urbano mixto,11,Urbano mixto,1,Artificial,4,IHA611004,7,TEJIDO URBANO,"439",Ensanche,1,,,Tejido urbano,Urbano e infraestructuras,1,5,Salinas de Cerrillos,IHA611004,7.741772,0.478964,7.262808
1287676,0,0,0,0,0,0,0,0,0,0,0,0,0,0,0,0,100,0,0,131,Red viaria,3005,Redes viarias y ferroviarias,15,Infraestructuras de transporte,1,Artificial,4,IHA611004,15,INFRAESTRUCTURAS DE COMUNICACIONES,"131",Red viaria,3,,,Infraestructuras de comunicaciones,Urbano e infraestructuras,1,5,Salinas de Cerrillos,IHA611004,4.926073,0.000000,4.926073
970010,0,0,0,0,0,0,0,0,0,0,0,0,0,0,0,5,15,5,75,151,Zonas mineras,151,Zonas mineras,14,ExtracciÃ³n minera,1,Artificial,4,IHA611004,23,ZONAS MINERAS,"151",Zonas mineras,5,,,"Zonas mineras, escombreras o de vertido",Urbano e infraestructuras,1,5,Salinas de Cerrillos,IHA611004,1.139168,0.000000,1.139168
998592,0,0,0,0,0,0,0,0,100,0,0,0,0,0,0,0,0,0,0,405,Cultivo herbÃ¡ceo distinto de arroz,21,Cultivos herbÃ¡ceos,21,Cultivos herbÃ¡ceos,2,AgrÃ­cola,4,IHA611004,52,AREAS AGRICOLAS HOMOGENEAS,"-",Cultivo herbaceo distinto de arroz,18,Herbaceo regadio,18,Cultivos herbaceos,Agrario,4,3,Salinas de Cerrillos,IHA611004,1.494807,0.000000,1.494807
956602,0,0,0,0,0,0,0,0,0,0,0,0,0,0,0,0,0,0,0,0,Sin asignaciÃ³n,0,Sin asignaciÃ³n,0,Sin asignaciÃ³n,0,Sin asignaciÃ³n,4,IHA611004,1,SIN ASIGNACIoN,"0",Sin asignacion,0,,,Sin asignacion,Urbano e infraestructuras,1,5,Salinas de Cerrillos,IHA611004,0.102366,0.000000,0.102366
961667,0,0,0,0,0,0,0,0,0,0,0,0,0,0,0,35,55,10,0,113,AgrÃ­cola/ganadero,113,"Instalaciones agrÃ­cola, ganadera",12,Industrial,1,Artificial,4,IHA611004,22,OTRAS INFRAESTRUCTURAS TECNICAS,"141",Agricola/ganadero,19,,,Areas agrarias heterogeneas,Agrario,4,3,Salinas de Cerrillos,IHA611004,1.015693,0.000000,1.015693
970948,0,0,0,0,0,0,0,0,0,0,0,0,0,0,0,35,35,5,25,168,Industria aislada,3002,Zonas industriales,12,Industrial,1,Artificial,4,IHA611004,14,ZONAS INDUSTRIALES Y COMERCIALES,"121",Industria aislada,2,,,Zonas industriales y comerciales,Urbano e infraestructuras,1,5,Salinas de Cerrillos,IHA611004,3.083978,0.005477,3.078501
1285379,0,0,0,0,0,0,0,0,100,0,0,0,0,0,0,0,0,0,0,9312,Dunas y arenales costeros,3018,"Playas, dunas, acantilados y arenales",47,Zonas sin vegetaciÃ³n,4,Forestal,4,IHA611003,79,"PLAYAS, DUNAS Y ARENALES","931",Dunas y arenales costeros,22,,,"Playas, dunas y arenales",Cobertura vegetal y suelos,5,1,Rambla Morales,IHA611003,146.944571,0.100242,146.844329
1240574,0,5,5,90,0,0,0,0,0,0,0,0,0,0,0,0,0,0,0,960,Ramblas,3022,RÃ­os y cauces con y sin vegetaciÃ³n asociada,51,Zonas hÃºmedas,5,Zonas hÃºmedas,4,IHA611003,41,RIOS Y CAUCES,NA,Ramblas,10,,,"Rios, cauces o ramblas",Zonas humedas,3,1,Rambla Morales,IHA611003,5.853643,0.823873,5.029770
1292119,0,0,0,0,0,0,0,0,0,0,0,0,0,0,0,0,100,0,0,182,VÃ­a de comunicaciÃ³n no asfaltada,3005,Redes viarias y ferroviarias,15,Infraestructuras de transporte,1,Artificial,4,IHA611003,16,INFRAESTRUCTURAS DE COMUNICACIONES,"131",Via de comunicacion no asfaltada,3,,,Infraestructuras de comunicaciones,Urbano e infraestructuras,1,5,Rambla Morales,IHA611003,1.685914,0.000002,1.685912
1308044,0,27,47,26,0,0,0,0,0,0,0,0,0,0,0,0,0,0,0,317,RÃ­os y cauces nat: otras formas riparias,3022,RÃ­os y cauces con y sin vegetaciÃ³n asociada,51,Zonas hÃºmedas,5,Zonas hÃºmedas,4,IHA611003,46,VEGETACION RIPARIA,"317",Rios y cauces nat: otras formas riparias,11,,,Vegetacion riparia,Zonas humedas,3,1,Rambla Morales,IHA611003,0.213444,0.001314,0.212130
989668,0,0,0,0,0,0,0,0,90,0,0,0,0,0,0,0,10,0,0,403,Invernadero de estructura permanente,22,Invernaderos,22,Invernaderos,2,AgrÃ­cola,4,IHA611003,55,CULTIVOS FORZADOS BAJO PLASTICO,"423",Invernadero de estructura permanente,17,,,Invernaderos,Agrario invernaderos,2,5,Rambla Morales,IHA611003,11.692860,0.000000,11.692860
972626,0,0,0,0,0,0,0,0,0,0,0,0,0,0,5,15,60,20,0,172,Camping,3003,"Servicios, comercial y oficinas",11,Urbano mixto,1,Artificial,4,IHA611003,99,CAMPING,NA,CAMPING,6,,,Zonas verdes y espacios de ocio,Urbano e infraestructuras,1,3,Rambla Morales,IHA611003,3.464759,0.000000,3.464759
973174,0,0,16,19,0,0,0,0,0,0,0,0,0,0,65,0,0,0,0,210,Marisma con vegetaciÃ³n,3021,Otras zonas hÃºmedas naturales,51,Zonas hÃºmedas,5,Zonas hÃºmedas,4,IHA611003,34,MARISMA CON VEGETACION,"211",Marisma con vegetacion,7,,,Marisma,Zonas humedas,3,1,Rambla Morales,IHA611003,10.499036,10.262111,0.236925
970640,0,0,0,0,0,0,0,0,0,0,0,0,0,0,0,60,40,0,0,162,Plantas de tratamiento,3008,Infraestructuras de residuos,16,Infraestructuras tÃ©cnicas,1,Artificial,4,IHA611003,20,OTRAS INFRAESTRUCTURAS TECNICAS,"141",Plantas de tratamiento,4,,,Otras infraestructuras tecnicas,Urbano e infraestructuras,1,5,Rambla Morales,IHA611003,0.571931,0.000000,0.571931
1159069,0,31,30,39,0,0,0,0,0,0,0,0,0,0,0,0,0,0,0,917,Matorral disperso con pasto y roca o suelo,41,Matorral,41,Matorral,4,Forestal,4,IHA611003,74,MATORRAL DISPERSO CON PASTO Y ROCA O SUELO,"917",Matorral disperso con pasto y roca o suelo,20,,,Vegetacion natural,Cobertura vegetal y suelos,5,1,Rambla Morales,IHA611003,1.751998,0.002910,1.749088
967992,0,0,0,0,0,0,0,0,0,0,0,0,0,0,0,75,25,0,0,122,Comercial y oficinas,3003,"Servicios, comercial y oficinas",11,Urbano mixto,1,Artificial,4,IHA611009,12,ZONAS INDUSTRIALES Y COMERCIALES,"121",Comercial y oficinas,2,,,Zonas industriales y comerciales,Urbano e infraestructuras,1,5,Salinas de Cabo de Gata,IHA611009,5.848201,0.000000,5.848201
1286047,0,5,5,90,0,0,0,0,0,0,0,0,0,0,0,0,0,0,0,9312,Dunas y arenales costeros,3018,"Playas, dunas, acantilados y arenales",47,Zonas sin vegetaciÃ³n,4,Forestal,4,IHA611009,79,"PLAYAS, DUNAS Y ARENALES","931",Dunas y arenales costeros,22,,,"Playas, dunas y arenales",Cobertura vegetal y suelos,5,1,Salinas de Cabo de Gata,IHA611009,169.892197,55.472163,114.420034
956689,0,0,0,0,0,0,0,0,0,0,0,0,0,0,0,0,0,0,0,0,Sin asignaciÃ³n,0,Sin asignaciÃ³n,0,Sin asignaciÃ³n,0,Sin asignaciÃ³n,4,IHA611009,1,SIN ASIGNACIoN,"0",Sin asignacion,0,,,Sin asignacion,Urbano e infraestructuras,1,5,Salinas de Cabo de Gata,IHA611009,0.138528,0.000000,0.138528
1277729,0,0,9,11,0,0,0,0,0,80,0,15,0,65,0,0,0,0,0,4102,Mosaico de cultivos leÃ±osos,31,Combinaciones de cultivos y vegetaciÃ³n,31,Combinaciones de cultivos y vegetaciÃ³n,2,AgrÃ­cola,4,IHA611009,59,OLIVOS EN REGADiO,"433",Mosaico de cultivos leñosos,15,,,Leñoso regadio,Agrario,4,3,Salinas de Cabo de Gata,IHA611009,4.317541,0.000000,4.317541
996937,0,0,0,0,0,0,0,0,100,0,0,0,0,0,0,0,0,0,0,404,Invernadero de estructura itinerante o temporal,22,Invernaderos,22,Invernaderos,2,AgrÃ­cola,4,IHA611009,56,CULTIVOS FORZADOS BAJO PLASTICO,"423",Invernadero de estructura itinerante o temporal,17,,,Invernaderos,Agrario invernaderos,2,5,Salinas de Cabo de Gata,IHA611009,25.457400,0.001900,25.455500
968521,0,0,0,0,0,0,0,0,0,0,0,0,0,0,0,0,100,0,0,138,Instalaciones de fÃºtbol,3004,"Ocio, cultural y deportivo",11,Urbano mixto,1,Artificial,4,IHA611009,29,ZONAS VERDES Y ESPACIOS DE OCIO,"193",Instalaciones de futbol,6,,,Zonas verdes y espacios de ocio,Urbano e infraestructuras,1,3,Salinas de Cabo de Gata,IHA611009,1.811278,0.000000,1.811278
919654,0,75,20,5,0,0,0,0,0,0,0,0,0,0,0,0,0,0,0,210,Marisma con vegetaciÃ³n,3021,Otras zonas hÃºmedas naturales,51,Zonas hÃºmedas,5,Zonas hÃºmedas,4,IHA611009,34,MARISMA CON VEGETACION,"211",Marisma con vegetacion,7,,,Marisma,Zonas humedas,3,1,Salinas de Cabo de Gata,IHA611009,156.511606,104.381096,52.130510
1303538,0,11,39,50,0,0,0,0,0,0,0,0,0,0,0,0,0,0,0,317,RÃ­os y cauces nat: otras formas riparias,3022,RÃ­os y cauces con y sin vegetaciÃ³n asociada,51,Zonas hÃºmedas,5,Zonas hÃºmedas,4,IHA611009,46,VEGETACION RIPARIA,"317",Rios y cauces nat: otras formas riparias,11,,,Vegetacion riparia,Zonas humedas,3,1,Salinas de Cabo de Gata,IHA611009,3.925164,0.104983,3.820181
957502,0,0,0,0,0,0,0,0,0,0,0,0,0,0,0,85,15,0,0,101,Casco,11,Urbano mixto,11,Urbano mixto,1,Artificial,4,IHA611009,2,TEJIDO URBANO,"111",Casco,1,,,Tejido urbano,Urbano e infraestructuras,1,5,Salinas de Cabo de Gata,IHA611009,22.018464,0.000000,22.018464
973492,0,4,5,91,0,0,0,0,0,0,0,0,0,0,0,0,0,0,0,221,Salinas tradicionales,3020,Zonas hÃºmedas artificiales,51,Zonas hÃºmedas,5,Zonas hÃºmedas,4,IHA611009,39,SALINAS,"221",Salinas tradicionales,8,,,Salinas,Zonas humedas,3,1,Salinas de Cabo de Gata,IHA611009,270.803122,230.941269,39.861853
1292118,0,0,0,0,0,0,0,0,0,0,0,0,0,0,0,0,100,0,0,182,VÃ­a de comunicaciÃ³n no asfaltada,3005,Redes viarias y ferroviarias,15,Infraestructuras de transporte,1,Artificial,4,IHA611009,16,INFRAESTRUCTURAS DE COMUNICACIONES,"131",Via de comunicacion no asfaltada,3,,,Infraestructuras de comunicaciones,Urbano e infraestructuras,1,5,Salinas de Cabo de Gata,IHA611009,23.885078,5.912010,17.973068
946758,0,0,23,77,0,0,0,0,0,0,0,0,0,0,0,0,0,0,0,925,"Pastizal con claros (roca, suelo)",35,Pastizal,35,Pastizal,4,Forestal,4,IHA611009,76,"PASTIZAL CON CLAROS (ROCA, SUELO)","925","Pastizal con claros (roca, suelo)",20,,,Vegetacion natural,Cobertura vegetal y suelos,5,1,Salinas de Cabo de Gata,IHA611009,168.020318,2.482034,165.538284
1276274,0,0,0,75,0,0,0,0,0,0,0,0,0,0,0,0,0,0,25,2007,Zona de extracciÃ³n o vertido,151,Zonas mineras,14,ExtracciÃ³n minera,1,Artificial,4,IHA611009,24,ZONAS MINERAS,"151",Zona de extraccion o vertido,5,,,"Zonas mineras, escombreras o de vertido",Urbano e infraestructuras,1,5,Salinas de Cabo de Gata,IHA611009,0.863401,0.000000,0.863401
964088,0,0,0,0,0,0,0,0,0,0,0,0,0,0,0,100,0,0,0,113,AgrÃ­cola/ganadero,113,"Instalaciones agrÃ­cola, ganadera",12,Industrial,1,Artificial,4,IHA611009,22,OTRAS INFRAESTRUCTURAS TECNICAS,"141",Agricola/ganadero,19,,,Areas agrarias heterogeneas,Agrario,4,3,Salinas de Cabo de Gata,IHA611009,2.351910,0.014249,2.337661
961339,0,0,0,0,0,0,0,0,0,0,0,0,0,0,100,0,0,0,0,345,Balsa de riego o ganadera,3020,Zonas hÃºmedas artificiales,51,Zonas hÃºmedas,5,Zonas hÃºmedas,4,IHA611009,51,BALSAS DE RIEGO Y GANADERAS,"345",Balsa de riego o ganadera,13,,,Masas de agua artificial,Zonas humedas,3,4,Salinas de Cabo de Gata,IHA611009,0.832070,0.000000,0.832070
1226491,0,0,0,50,0,0,0,0,0,0,0,0,0,0,0,10,40,0,0,945,Suelo desnudo,945,Suelo desnudo,47,Zonas sin vegetaciÃ³n,4,Forestal,4,IHA611009,80,ROQUEDOS Y SUELO DESNUDO,"932",Suelo desnudo,23,,,Areas con fuertes procesos erosivos,Cobertura vegetal y suelos,5,1,Salinas de Cabo de Gata,IHA611009,5.699431,0.032968,5.666463
998864,0,0,0,0,0,0,0,0,100,0,0,0,0,0,0,0,0,0,0,405,Cultivo herbÃ¡ceo distinto de arroz,21,Cultivos herbÃ¡ceos,21,Cultivos herbÃ¡ceos,2,AgrÃ­cola,4,IHA611009,52,AREAS AGRICOLAS HOMOGENEAS,"-",Cultivo herbaceo distinto de arroz,18,Herbaceo regadio,18,Cultivos herbaceos,Agrario,4,3,Salinas de Cabo de Gata,IHA611009,53.186182,0.047278,53.138904
1290960,0,0,0,0,0,0,0,0,0,0,0,0,0,0,0,100,0,0,0,154,Instalaciones de conducciÃ³n de agua,3020,Zonas hÃºmedas artificiales,51,Zonas hÃºmedas,5,Zonas hÃºmedas,4,IHA611009,18,OTRAS INFRAESTRUCTURAS TECNICAS,"141",Instalaciones de conduccion de agua,4,,,Otras infraestructuras tecnicas,Urbano e infraestructuras,1,5,Salinas de Cabo de Gata,IHA611009,0.978095,0.978074,0.000021
968581,0,0,0,0,0,0,0,0,0,0,0,0,0,0,0,100,0,0,0,138,Instalaciones de fÃºtbol,3004,"Ocio, cultural y deportivo",11,Urbano mixto,1,Artificial,4,IHA611005,29,ZONAS VERDES Y ESPACIOS DE OCIO,"193",Instalaciones de futbol,6,,,Zonas verdes y espacios de ocio,Urbano e infraestructuras,1,3,Canada de las Norias,IHA611005,2.444832,0.000000,2.444832
973128,0,80,10,10,0,0,0,0,0,0,0,0,0,0,0,0,0,0,0,200,VegetaciÃ³n lagunar,3021,Otras zonas hÃºmedas naturales,51,Zonas hÃºmedas,5,Zonas hÃºmedas,4,IHA611005,44,VEGETACION RIPARIA,"331",Vegetacion lagunar,11,,,Vegetacion riparia,Zonas humedas,3,1,Canada de las Norias,IHA611005,22.295170,12.781641,9.513529
957739,0,0,0,0,0,0,0,0,0,0,0,0,0,0,0,100,0,0,0,101,Casco,11,Urbano mixto,11,Urbano mixto,1,Artificial,4,IHA611005,2,TEJIDO URBANO,"111",Casco,1,,,Tejido urbano,Urbano e infraestructuras,1,5,Canada de las Norias,IHA611005,65.975367,0.104074,65.871293
970992,0,0,0,0,0,0,0,0,0,0,0,0,0,0,0,40,50,10,0,168,Industria aislada,3002,Zonas industriales,12,Industrial,1,Artificial,4,IHA611005,14,ZONAS INDUSTRIALES Y COMERCIALES,"121",Industria aislada,2,,,Zonas industriales y comerciales,Urbano e infraestructuras,1,5,Canada de las Norias,IHA611005,9.894106,0.001305,9.892801
920042,0,0,0,0,0,0,0,0,100,0,0,0,0,0,0,0,0,0,0,403,Invernadero de estructura permanente,22,Invernaderos,22,Invernaderos,2,AgrÃ­cola,4,IHA611005,55,CULTIVOS FORZADOS BAJO PLASTICO,"423",Invernadero de estructura permanente,17,,,Invernaderos,Agrario invernaderos,2,5,Canada de las Norias,IHA611005,226.766357,0.120441,226.645916
1242678,0,0,0,0,0,0,0,0,0,100,0,0,0,100,0,0,0,0,0,997,Otros cultivos leÃ±osos,3011,Frutales no cÃ­tricos,23,Cultivos leÃ±osos,2,AgrÃ­cola,4,IHA611005,58,OTROS CULTIVOS LEÑOSOS EN REGADIO,"997",Otros cultivos leñosos,15,,,Leñoso regadio,Agrario,4,3,Canada de las Norias,IHA611005,6.136235,0.000000,6.136235
998694,0,0,0,0,0,0,0,0,100,0,0,0,0,0,0,0,0,0,0,405,Cultivo herbÃ¡ceo distinto de arroz,21,Cultivos herbÃ¡ceos,21,Cultivos herbÃ¡ceos,2,AgrÃ­cola,4,IHA611005,52,AREAS AGRICOLAS HOMOGENEAS,"-",Cultivo herbaceo distinto de arroz,18,Herbaceo regadio,18,Cultivos herbaceos,Agrario,4,3,Canada de las Norias,IHA611005,4.912293,0.044779,4.867514
919685,0,0,0,0,0,0,0,0,0,0,0,0,0,0,100,0,0,0,0,332,Lagos y lagunas,3021,Otras zonas hÃºmedas naturales,51,Zonas hÃºmedas,5,Zonas hÃºmedas,4,IHA611005,49,LAGUNAS CONTINENTALES,"331",Lagos y lagunas,12,,,Lagos y lagunas,Zonas humedas,3,1,Canada de las Norias,IHA611005,135.259203,124.218492,11.040711
975940,0,0,0,0,0,0,0,0,0,0,0,0,0,0,100,0,0,0,0,345,Balsa de riego o ganadera,3020,Zonas hÃºmedas artificiales,51,Zonas hÃºmedas,5,Zonas hÃºmedas,4,IHA611005,51,BALSAS DE RIEGO Y GANADERAS,"345",Balsa de riego o ganadera,13,,,Masas de agua artificial,Zonas humedas,3,4,Canada de las Norias,IHA611005,5.189121,0.000242,5.188879
1287676,0,0,0,0,0,0,0,0,0,0,0,0,0,0,0,0,100,0,0,131,Red viaria,3005,Redes viarias y ferroviarias,15,Infraestructuras de transporte,1,Artificial,4,IHA611004,15,INFRAESTRUCTURAS DE COMUNICACIONES,"131",Red viaria,3,,,Infraestructuras de comunicaciones,Urbano e infraestructuras,1,5,Canada de las Norias,IHA611005,15.366607,0.055759,15.310848
1227152,0,0,0,100,0,0,0,0,0,0,0,0,0,0,0,0,0,0,0,945,Suelo desnudo,945,Suelo desnudo,47,Zonas sin vegetaciÃ³n,4,Forestal,4,IHA611005,80,ROQUEDOS Y SUELO DESNUDO,"932",Suelo desnudo,23,,,Areas con fuertes procesos erosivos,Cobertura vegetal y suelos,5,1,Canada de las Norias,IHA611005,22.956926,0.095241,22.861685
960867,0,0,0,0,0,0,0,0,0,0,0,0,0,0,0,20,80,0,0,113,AgrÃ­cola/ganadero,113,"Instalaciones agrÃ­cola, ganadera",12,Industrial,1,Artificial,4,IHA611005,22,OTRAS INFRAESTRUCTURAS TECNICAS,"141",Agricola/ganadero,19,,,Areas agrarias heterogeneas,Agrario,4,3,Canada de las Norias,IHA611005,9.178974,0.013516,9.165458
1276268,0,0,0,0,0,0,0,0,0,0,0,0,0,0,0,20,30,0,50,2007,Zona de extracciÃ³n o vertido,151,Zonas mineras,14,ExtracciÃ³n minera,1,Artificial,4,IHA611005,24,ZONAS MINERAS,"151",Zona de extraccion o vertido,5,,,"Zonas mineras, escombreras o de vertido",Urbano e infraestructuras,1,5,Canada de las Norias,IHA611005,1.930129,0.021242,1.908887
1066069,75,0,0,25,0,0,75,0,0,0,0,0,0,0,0,0,0,0,0,530,FormaciÃ³n arbolada: eucaliptos,530,Bosque de eucaliptos,42,Bosque,4,Forestal,4,IHA611005,61,FOR. ARBOL. DENSA: EUCALIPTOS,"530",Formacion arbolada: eucaliptos,21,,,Vegetación con eucaliptos,Cobertura vegetal y suelos,5,2,Canada de las Norias,IHA611005,1.661232,0.000000,1.661232
970672,0,0,0,0,0,0,0,0,0,0,0,0,0,0,0,10,90,0,0,164,Desguaces y chatarrerÃ­a,3008,Infraestructuras de residuos,16,Infraestructuras tÃ©cnicas,1,Artificial,4,IHA611005,21,OTRAS INFRAESTRUCTURAS TECNICAS,"141",Desguaces y chatarreria,4,,,Otras infraestructuras tecnicas,Urbano e infraestructuras,1,5,Canada de las Norias,IHA611005,1.908353,0.274248,1.634105
1164229,0,35,24,36,0,0,0,0,0,0,0,0,0,0,0,5,0,0,0,917,Matorral disperso con pasto y roca o suelo,41,Matorral,41,Matorral,4,Forestal,4,IHA611005,74,MATORRAL DISPERSO CON PASTO Y ROCA O SUELO,"917",Matorral disperso con pasto y roca o suelo,20,,,Vegetacion natural,Cobertura vegetal y suelos,5,1,Canada de las Norias,IHA611005,62.850882,0.049033,62.801849
1418763,0,0,0,0,0,0,0,0,100,0,0,0,0,0,0,0,0,0,0,405,Cultivo herbÃ¡ceo distinto de arroz,21,Cultivos herbÃ¡ceos,21,Cultivos herbÃ¡ceos,2,AgrÃ­cola,18,IHA614009,52,AREAS AGRICOLAS HOMOGENEAS,"-",Cultivo herbaceo distinto de arroz,18,Herbaceo secano,16,Cultivos herbaceos,Agrario,4,3,Saladar del Margen,IHA614009,112.434720,0.527597,111.907123
1380985,0,0,0,0,0,0,0,0,0,0,0,0,0,0,100,0,0,0,0,341,Embalses,3020,Zonas hÃºmedas artificiales,51,Zonas hÃºmedas,5,Zonas hÃºmedas,18,IHA614009,50,EMBALSES,"341",Embalses,13,,,Masas de agua artificial,Zonas humedas,3,4,Saladar del Margen,IHA614009,0.135700,0.098638,0.037062
1625311,0,8,60,32,0,0,0,0,0,0,0,0,0,0,0,0,0,0,0,925,"Pastizal con claros (roca, suelo)",35,Pastizal,35,Pastizal,4,Forestal,18,IHA614009,76,"PASTIZAL CON CLAROS (ROCA, SUELO)","925","Pastizal con claros (roca, suelo)",20,,,Vegetacion natural,Cobertura vegetal y suelos,5,1,Saladar del Margen,IHA614009,575.707840,67.041847,508.665993
1636139,0,5,15,80,0,0,0,0,0,0,0,0,0,0,0,0,0,0,0,933,Ãreas con fuertes procesos erosivos,945,Suelo desnudo,47,Zonas sin vegetaciÃ³n,4,Forestal,18,IHA614009,81,AREAS CON FUERTES PROCESOS EROSIVOS,"933",areas con fuertes procesos erosivos,23,,,Areas con fuertes procesos erosivos,Cobertura vegetal y suelos,5,1,Saladar del Margen,IHA614009,7.743284,1.451001,6.292283
1085951,0,0,0,0,0,0,0,0,0,0,0,0,0,0,0,0,100,0,0,182,VÃ­a de comunicaciÃ³n no asfaltada,3005,Redes viarias y ferroviarias,15,Infraestructuras de transporte,1,Artificial,18,IHA614009,16,INFRAESTRUCTURAS DE COMUNICACIONES,"131",Via de comunicacion no asfaltada,3,,,Infraestructuras de comunicaciones,Urbano e infraestructuras,1,5,Saladar del Margen,IHA614009,8.646724,1.055443,7.591281
1360862,0,55,20,10,0,0,0,0,0,15,0,0,0,15,0,0,0,0,0,997,Otros cultivos leÃ±osos,3011,Frutales no cÃ­tricos,23,Cultivos leÃ±osos,2,AgrÃ­cola,18,IHA614009,58,OTROS CULTIVOS LEÑOSOS EN REGADIO,"997",Otros cultivos leñosos,15,,,Leñoso regadio,Agrario,4,3,Saladar del Margen,IHA614009,1.653760,0.000000,1.653760
1380611,0,60,30,10,0,0,0,0,0,0,0,0,0,0,0,0,0,0,0,200,VegetaciÃ³n lagunar,3021,Otras zonas hÃºmedas naturales,51,Zonas hÃºmedas,5,Zonas hÃºmedas,18,IHA614009,44,VEGETACION RIPARIA,"331",Vegetacion lagunar,11,,,Vegetacion riparia,Zonas humedas,3,1,Saladar del Margen,IHA614009,4.341518,1.417999,2.923519
1472836,0,0,0,0,0,0,0,0,0,100,0,0,0,100,0,0,0,0,0,460,Frutales de cÃ¡scara,3011,Frutales no cÃ­tricos,23,Cultivos leÃ±osos,2,AgrÃ­cola,18,IHA614009,54,OTROS CULTIVOS LEÑOSOS EN SECANO,"419",Frutales de cascara,14,,,Leñoso secano,Agrario,4,3,Saladar del Margen,IHA614009,8.771321,0.000000,8.771321
1698302,0,0,0,100,0,0,0,0,0,0,0,0,0,0,0,0,0,0,0,154,Instalaciones de conducciÃ³n de agua,3020,Zonas hÃºmedas artificiales,51,Zonas hÃºmedas,5,Zonas hÃºmedas,18,IHA614010,18,OTRAS INFRAESTRUCTURAS TECNICAS,"141",Instalaciones de conduccion de agua,4,,,Otras infraestructuras tecnicas,Urbano e infraestructuras,1,5,Cola del Embalse del Negrati­n,IHA614010,2.496943,0.000000,2.496943
1445613,0,0,0,0,0,0,0,0,0,100,0,100,0,0,0,0,0,0,0,416,Olivar,416,Olivares,23,Cultivos leÃ±osos,2,AgrÃ­cola,18,IHA614010,53,OLIVAR EN SECANO,"415",Olivar,14,,,Leñoso secano,Agrario,4,3,Cola del Embalse del Negrati­n,IHA614010,139.291359,0.481520,138.809839
1357464,0,0,0,100,0,0,0,0,0,0,0,0,0,0,0,0,0,0,0,945,Suelo desnudo,945,Suelo desnudo,47,Zonas sin vegetaciÃ³n,4,Forestal,18,IHA614010,80,ROQUEDOS Y SUELO DESNUDO,"932",Suelo desnudo,23,,,Areas con fuertes procesos erosivos,Cobertura vegetal y suelos,5,1,Cola del Embalse del Negrati­n,IHA614010,60.986458,0.631731,60.354727
1416837,0,0,0,0,0,0,0,0,100,0,0,0,0,0,0,0,0,0,0,405,Cultivo herbÃ¡ceo distinto de arroz,21,Cultivos herbÃ¡ceos,21,Cultivos herbÃ¡ceos,2,AgrÃ­cola,18,IHA614010,52,AREAS AGRICOLAS HOMOGENEAS,"-",Cultivo herbaceo distinto de arroz,18,Herbaceo regadio,18,Cultivos herbaceos,Agrario,4,3,Cola del Embalse del Negrati­n,IHA614010,82.479111,9.326860,73.152251
1341007,85,10,0,5,0,85,0,0,0,0,0,0,0,0,0,0,0,0,0,520,FormaciÃ³n arbolada: conÃ­feras,520,Bosque de conÃ­feras,42,Bosque,4,Forestal,18,IHA614010,60,FOR. ARBOL. DENSA: CONIFERAS,"520",Formacion arbolada: coniferas,20,,,Vegetacion natural,Cobertura vegetal y suelos,5,1,Cola del Embalse del Negrati­n,IHA614010,266.461628,0.293829,266.167799
1373892,10,10,20,10,10,0,0,0,0,0,0,0,0,0,0,35,15,0,0,117,AgrÃ­cola residencial,11,Urbano mixto,11,Urbano mixto,1,Artificial,18,IHA614010,9,URBANIZACIONES AGRICOLA / RESIDENCIALES,"117",Agricola residencial,1,,,Tejido urbano,Urbano e infraestructuras,1,5,Cola del Embalse del Negrati­n,IHA614010,1.052962,0.000000,1.052962
1712962,0,5,25,5,0,0,0,0,0,0,0,0,0,0,0,0,0,0,0,317,RÃ­os y cauces nat: otras formas riparias,3022,RÃ­os y cauces con y sin vegetaciÃ³n asociada,51,Zonas hÃºmedas,5,Zonas hÃºmedas,18,IHA614010,46,VEGETACION RIPARIA,"317",Rios y cauces nat: otras formas riparias,11,,,Vegetacion riparia,Zonas humedas,3,1,Cola del Embalse del Negrati­n,IHA614010,90.983635,74.404835,16.578800
1679807,0,0,25,10,0,0,0,0,0,65,0,0,0,65,0,0,0,0,0,997,Otros cultivos leÃ±osos,3011,Frutales no cÃ­tricos,23,Cultivos leÃ±osos,2,AgrÃ­cola,18,IHA614010,58,OTROS CULTIVOS LEÑOSOS EN REGADIO,"997",Otros cultivos leñosos,15,,,Leñoso regadio,Agrario,4,3,Cola del Embalse del Negrati­n,IHA614010,17.259428,0.000000,17.259428
1385563,0,0,0,0,0,0,0,0,0,0,0,0,0,0,100,0,0,0,0,345,Balsa de riego o ganadera,3020,Zonas hÃºmedas artificiales,51,Zonas hÃºmedas,5,Zonas hÃºmedas,18,IHA614010,51,BALSAS DE RIEGO Y GANADERAS,"345",Balsa de riego o ganadera,13,,,Masas de agua artificial,Zonas humedas,3,4,Cola del Embalse del Negrati­n,IHA614010,179.845455,135.869907,43.975548
1085951,0,0,0,0,0,0,0,0,0,0,0,0,0,0,0,0,100,0,0,182,VÃ­a de comunicaciÃ³n no asfaltada,3005,Redes viarias y ferroviarias,15,Infraestructuras de transporte,1,Artificial,18,IHA614009,16,INFRAESTRUCTURAS DE COMUNICACIONES,"131",Via de comunicacion no asfaltada,3,,,Infraestructuras de comunicaciones,Urbano e infraestructuras,1,5,Cola del Embalse del Negrati­n,IHA614010,10.198543,0.094279,10.104264
967592,0,0,0,0,0,0,0,0,0,0,0,0,0,0,0,80,20,0,0,119,PolÃ­gono industrial ordenado,3002,Zonas industriales,12,Industrial,1,Artificial,4,IHA611010,10,ZONAS INDUSTRIALES Y COMERCIALES,"121",Poligono industrial ordenado,2,,,Zonas industriales y comerciales,Urbano e infraestructuras,1,5,Ribera de la Algaida,IHA611010,16.819527,0.000000,16.819527
1270382,0,0,0,0,0,0,0,0,0,0,0,0,0,0,0,35,65,0,0,2000,Ensanche,11,Urbano mixto,11,Urbano mixto,1,Artificial,4,IHA611010,7,TEJIDO URBANO,"439",Ensanche,1,,,Tejido urbano,Urbano e infraestructuras,1,5,Ribera de la Algaida,IHA611010,7.064694,0.000000,7.064694
979291,0,0,0,0,0,0,0,0,0,0,0,0,0,0,100,0,0,0,0,345,Balsa de riego o ganadera,3020,Zonas hÃºmedas artificiales,51,Zonas hÃºmedas,5,Zonas hÃºmedas,4,IHA611010,51,BALSAS DE RIEGO Y GANADERAS,"345",Balsa de riego o ganadera,13,,,Masas de agua artificial,Zonas humedas,3,4,Ribera de la Algaida,IHA611010,0.196637,0.000000,0.196637
1239423,0,15,15,70,0,0,0,0,0,0,0,0,0,0,0,0,0,0,0,945,Suelo desnudo,945,Suelo desnudo,47,Zonas sin vegetaciÃ³n,4,Forestal,4,IHA611010,80,ROQUEDOS Y SUELO DESNUDO,"932",Suelo desnudo,23,,,Areas con fuertes procesos erosivos,Cobertura vegetal y suelos,5,1,Ribera de la Algaida,IHA611010,29.652424,15.666819,13.985605
1275645,0,0,0,0,0,0,0,0,0,0,0,0,0,0,0,0,0,100,0,2005,Zona verde ajardinadaÂ ,3001,Zonas verdes urbanas,11,Urbano mixto,1,Artificial,4,IHA611010,33,ZONAS VERDES Y ESPACIOS DE OCIO,"191",Zona verde ajardinada ,6,,,Zonas verdes y espacios de ocio,Urbano e infraestructuras,1,3,Ribera de la Algaida,IHA611010,7.857087,0.000952,7.856135
1287676,0,0,0,0,0,0,0,0,0,0,0,0,0,0,0,0,100,0,0,131,Red viaria,3005,Redes viarias y ferroviarias,15,Infraestructuras de transporte,1,Artificial,4,IHA611004,15,INFRAESTRUCTURAS DE COMUNICACIONES,"131",Red viaria,3,,,Infraestructuras de comunicaciones,Urbano e infraestructuras,1,5,Ribera de la Algaida,IHA611010,12.692254,1.032563,11.659691
1242404,0,0,0,0,0,0,0,0,0,95,0,0,0,95,0,5,0,0,0,997,Otros cultivos leÃ±osos,3011,Frutales no cÃ­tricos,23,Cultivos leÃ±osos,2,AgrÃ­cola,4,IHA611010,58,OTROS CULTIVOS LEÑOSOS EN REGADIO,"997",Otros cultivos leñosos,15,,,Leñoso regadio,Agrario,4,3,Ribera de la Algaida,IHA611010,0.618504,0.000000,0.618504
1236875,0,0,25,75,0,0,0,0,0,0,0,0,0,0,0,0,0,0,0,960,Ramblas,3022,RÃ­os y cauces con y sin vegetaciÃ³n asociada,51,Zonas hÃºmedas,5,Zonas hÃºmedas,4,IHA611010,41,RIOS Y CAUCES,NA,Ramblas,10,,,"Rios, cauces o ramblas",Zonas humedas,3,1,Ribera de la Algaida,IHA611010,2.289839,0.372925,1.916914
1306147,0,20,60,20,0,0,0,0,0,0,0,0,0,0,0,0,0,0,0,317,RÃ­os y cauces nat: otras formas riparias,3022,RÃ­os y cauces con y sin vegetaciÃ³n asociada,51,Zonas hÃºmedas,5,Zonas hÃºmedas,4,IHA611010,46,VEGETACION RIPARIA,"317",Rios y cauces nat: otras formas riparias,11,,,Vegetacion riparia,Zonas humedas,3,1,Ribera de la Algaida,IHA611010,3.074827,3.025415,0.049412
1185418,0,50,25,25,0,0,0,0,0,0,0,0,0,0,0,0,0,0,0,917,Matorral disperso con pasto y roca o suelo,41,Matorral,41,Matorral,4,Forestal,4,IHA611010,74,MATORRAL DISPERSO CON PASTO Y ROCA O SUELO,"917",Matorral disperso con pasto y roca o suelo,20,,,Vegetacion natural,Cobertura vegetal y suelos,5,1,Ribera de la Algaida,IHA611010,50.991018,17.386993,33.604025
992062,0,0,0,0,0,0,0,0,100,0,0,0,0,0,0,0,0,0,0,403,Invernadero de estructura permanente,22,Invernaderos,22,Invernaderos,2,AgrÃ­cola,4,IHA611010,55,CULTIVOS FORZADOS BAJO PLASTICO,"423",Invernadero de estructura permanente,17,,,Invernaderos,Agrario invernaderos,2,5,Ribera de la Algaida,IHA611010,30.145550,0.000000,30.145550
1275926,0,0,0,0,0,0,0,0,0,0,0,0,0,0,0,0,0,0,100,2007,Zona de extracciÃ³n o vertido,151,Zonas mineras,14,ExtracciÃ³n minera,1,Artificial,4,IHA611010,24,ZONAS MINERAS,"151",Zona de extraccion o vertido,5,,,"Zonas mineras, escombreras o de vertido",Urbano e infraestructuras,1,5,Ribera de la Algaida,IHA611010,0.033579,0.000000,0.033579
1284357,0,0,0,100,0,0,0,0,0,0,0,0,0,0,0,0,0,0,0,9311,Playas,3018,"Playas, dunas, acantilados y arenales",47,Zonas sin vegetaciÃ³n,4,Forestal,4,IHA611010,78,"PLAYAS, DUNAS Y ARENALES","931",Playas,22,,,"Playas, dunas y arenales",Cobertura vegetal y suelos,5,1,Ribera de la Algaida,IHA611010,51.942807,36.444198,15.498609
973169,0,0,0,0,0,0,0,0,0,0,0,0,0,0,35,45,20,0,0,203,Salinas industriales,3020,Zonas hÃºmedas artificiales,51,Zonas hÃºmedas,5,Zonas hÃºmedas,4,IHA611010,38,SALINAS,"225",Salinas industriales,8,,,Salinas,Zonas humedas,3,1,Ribera de la Algaida,IHA611010,31.073995,0.000000,31.073995
1085358,10,30,30,30,0,0,10,0,0,0,0,0,0,0,0,0,0,0,0,730,Matorral disperso arbolado: eucaliptos,3014,Matorrales con arbolado puro,45,Matorrales con arbolado,4,Forestal,4,IHA611010,66,MATORRAL DISP. ARBOLADO: EUCALIPTOS,"730",Matorral disperso arbolado: eucaliptos,21,,,Vegetación con eucaliptos,Cobertura vegetal y suelos,5,2,Ribera de la Algaida,IHA611010,2.307089,0.000000,2.307089
1473881,0,0,0,0,0,0,0,0,0,100,0,0,0,100,0,0,0,0,0,460,Frutales de cÃ¡scara,3011,Frutales no cÃ­tricos,23,Cultivos leÃ±osos,2,AgrÃ­cola,18,IHA614023,54,OTROS CULTIVOS LEÑOSOS EN SECANO,"419",Frutales de cascara,14,,,Leñoso secano,Agrario,4,3,Barranco del Agua,IHA614023,0.237786,0.000000,0.237786
1718116,0,45,25,30,0,0,0,0,0,0,0,0,0,0,0,0,0,0,0,317,RÃ­os y cauces nat: otras formas riparias,3022,RÃ­os y cauces con y sin vegetaciÃ³n asociada,51,Zonas hÃºmedas,5,Zonas hÃºmedas,18,IHA614023,46,VEGETACION RIPARIA,"317",Rios y cauces nat: otras formas riparias,11,,,Vegetacion riparia,Zonas humedas,3,1,Barranco del Agua,IHA614023,9.775815,5.746991,4.028824
1420920,0,0,0,0,0,0,0,0,100,0,0,0,0,0,0,0,0,0,0,405,Cultivo herbÃ¡ceo distinto de arroz,21,Cultivos herbÃ¡ceos,21,Cultivos herbÃ¡ceos,2,AgrÃ­cola,18,IHA614023,52,AREAS AGRICOLAS HOMOGENEAS,"-",Cultivo herbaceo distinto de arroz,18,Herbaceo secano,16,Cultivos herbaceos,Agrario,4,3,Barranco del Agua,IHA614023,70.706915,0.608913,70.098002
1708877,0,0,0,0,0,0,0,0,0,0,0,0,0,0,0,0,100,0,0,182,VÃ­a de comunicaciÃ³n no asfaltada,3005,Redes viarias y ferroviarias,15,Infraestructuras de transporte,1,Artificial,18,IHA614023,16,INFRAESTRUCTURAS DE COMUNICACIONES,"131",Via de comunicacion no asfaltada,3,,,Infraestructuras de comunicaciones,Urbano e infraestructuras,1,5,Barranco del Agua,IHA614023,1.039407,0.019926,1.019481
1356485,0,15,56,29,0,0,0,0,0,0,0,0,0,0,0,0,0,0,0,925,"Pastizal con claros (roca, suelo)",35,Pastizal,35,Pastizal,4,Forestal,18,IHA614023,76,"PASTIZAL CON CLAROS (ROCA, SUELO)","925","Pastizal con claros (roca, suelo)",20,,,Vegetacion natural,Cobertura vegetal y suelos,5,1,Barranco del Agua,IHA614023,235.808186,9.014179,226.794007
1678197,0,0,5,0,0,0,0,0,0,95,0,0,0,95,0,0,0,0,0,997,Otros cultivos leÃ±osos,3011,Frutales no cÃ­tricos,23,Cultivos leÃ±osos,2,AgrÃ­cola,18,IHA614023,58,OTROS CULTIVOS LEÑOSOS EN REGADIO,"997",Otros cultivos leñosos,15,,,Leñoso regadio,Agrario,4,3,Barranco del Agua,IHA614023,2.857912,0.000000,2.857912
1356949,0,15,25,60,0,0,0,0,0,0,0,0,0,0,0,0,0,0,0,933,Ãreas con fuertes procesos erosivos,945,Suelo desnudo,47,Zonas sin vegetaciÃ³n,4,Forestal,18,IHA614023,81,AREAS CON FUERTES PROCESOS EROSIVOS,"933",areas con fuertes procesos erosivos,23,,,Areas con fuertes procesos erosivos,Cobertura vegetal y suelos,5,1,Barranco del Agua,IHA614023,11.846331,0.000000,11.846331
1414282,0,0,0,0,0,0,0,0,100,0,0,0,0,0,0,0,0,0,0,405,Cultivo herbÃ¡ceo distinto de arroz,21,Cultivos herbÃ¡ceos,21,Cultivos herbÃ¡ceos,2,AgrÃ­cola,18,IHA614025,52,AREAS AGRICOLAS HOMOGENEAS,"-",Cultivo herbaceo distinto de arroz,18,Herbaceo regadio,18,Cultivos herbaceos,Agrario,4,3,Humedales de Baza,IHA614025,254.930680,14.289589,240.641091
1370383,0,0,0,0,0,0,0,0,0,0,0,0,0,0,0,100,0,0,0,113,AgrÃ­cola/ganadero,113,"Instalaciones agrÃ­cola, ganadera",12,Industrial,1,Artificial,18,IHA614025,22,OTRAS INFRAESTRUCTURAS TECNICAS,"141",Agricola/ganadero,19,,,Areas agrarias heterogeneas,Agrario,4,3,Humedales de Baza,IHA614025,1.598883,0.000000,1.598883
1697369,0,0,0,0,0,0,0,0,0,0,0,0,0,0,0,30,70,0,0,154,Instalaciones de conducciÃ³n de agua,3020,Zonas hÃºmedas artificiales,51,Zonas hÃºmedas,5,Zonas hÃºmedas,18,IHA614025,18,OTRAS INFRAESTRUCTURAS TECNICAS,"141",Instalaciones de conduccion de agua,4,,,Otras infraestructuras tecnicas,Urbano e infraestructuras,1,5,Humedales de Baza,IHA614025,2.770688,0.408404,2.362284
1445057,0,0,0,0,0,0,0,0,0,100,0,100,0,0,0,0,0,0,0,416,Olivar,416,Olivares,23,Cultivos leÃ±osos,2,AgrÃ­cola,18,IHA614025,53,OLIVAR EN SECANO,"415",Olivar,14,,,Leñoso secano,Agrario,4,3,Humedales de Baza,IHA614025,103.345218,0.021781,103.323437
1085951,0,0,0,0,0,0,0,0,0,0,0,0,0,0,0,0,100,0,0,182,VÃ­a de comunicaciÃ³n no asfaltada,3005,Redes viarias y ferroviarias,15,Infraestructuras de transporte,1,Artificial,18,IHA614009,16,INFRAESTRUCTURAS DE COMUNICACIONES,"131",Via de comunicacion no asfaltada,3,,,Infraestructuras de comunicaciones,Urbano e infraestructuras,1,5,Humedales de Baza,IHA614025,8.905276,0.012156,8.893120
1385304,0,0,0,0,0,0,0,0,0,0,0,0,0,0,100,0,0,0,0,345,Balsa de riego o ganadera,3020,Zonas hÃºmedas artificiales,51,Zonas hÃºmedas,5,Zonas hÃºmedas,18,IHA614025,51,BALSAS DE RIEGO Y GANADERAS,"345",Balsa de riego o ganadera,13,,,Masas de agua artificial,Zonas humedas,3,4,Humedales de Baza,IHA614025,3.036689,0.000072,3.036617
1354687,0,10,85,5,0,0,0,0,0,0,0,0,0,0,0,0,0,0,0,921,Pastizal continuo,35,Pastizal,35,Pastizal,4,Forestal,18,IHA614025,75,PASTIZAL CONTINUO,"921",Pastizal continuo,20,,,Vegetacion natural,Cobertura vegetal y suelos,5,1,Humedales de Baza,IHA614025,102.382799,54.452415,47.930384
1643436,0,0,0,100,0,0,0,0,0,0,0,0,0,0,0,0,0,0,0,945,Suelo desnudo,945,Suelo desnudo,47,Zonas sin vegetaciÃ³n,4,Forestal,18,IHA614025,80,ROQUEDOS Y SUELO DESNUDO,"932",Suelo desnudo,23,,,Areas con fuertes procesos erosivos,Cobertura vegetal y suelos,5,1,Humedales de Baza,IHA614025,16.771031,0.017697,16.753334
1380625,10,20,20,0,0,0,0,10,0,0,0,0,0,0,50,0,0,0,0,200,VegetaciÃ³n lagunar,3021,Otras zonas hÃºmedas naturales,51,Zonas hÃºmedas,5,Zonas hÃºmedas,18,IHA614025,44,VEGETACION RIPARIA,"331",Vegetacion lagunar,11,,,Vegetacion riparia,Zonas humedas,3,1,Humedales de Baza,IHA614025,0.139975,0.000000,0.139975
1678127,0,0,0,98,0,0,0,0,0,2,0,0,0,2,0,0,0,0,0,997,Otros cultivos leÃ±osos,3011,Frutales no cÃ­tricos,23,Cultivos leÃ±osos,2,AgrÃ­cola,18,IHA614025,58,OTROS CULTIVOS LEÑOSOS EN REGADIO,"997",Otros cultivos leñosos,15,,,Leñoso regadio,Agrario,4,3,Humedales de Baza,IHA614025,23.957935,0.000280,23.957655
1229736,0,0,0,100,0,0,0,0,0,0,0,0,0,0,0,0,0,0,0,945,Suelo desnudo,945,Suelo desnudo,47,Zonas sin vegetaciÃ³n,4,Forestal,4,IHA611017,80,ROQUEDOS Y SUELO DESNUDO,"932",Suelo desnudo,23,,,Areas con fuertes procesos erosivos,Cobertura vegetal y suelos,5,1,Ri­o Antas,IHA611017,22.429239,1.937406,20.491833
970201,0,10,10,0,0,0,0,0,0,0,0,0,0,0,0,10,30,0,40,151,Zonas mineras,151,Zonas mineras,14,ExtracciÃ³n minera,1,Artificial,4,IHA611017,23,ZONAS MINERAS,"151",Zonas mineras,5,,,"Zonas mineras, escombreras o de vertido",Urbano e infraestructuras,1,5,Ri­o Antas,IHA611017,6.822409,0.055342,6.767067
1097116,35,10,20,35,0,0,35,0,0,0,0,0,0,0,0,0,0,0,0,830,Pastizal arbolado: eucaliptos,3016,Pastizales con arbolado puro,46,Pastizales con arbolado,4,Forestal,4,IHA611017,70,PASTIZAL ARBOLADO: EUCALIPTOS,"830",Pastizal arbolado: eucaliptos,21,,,Vegetación con eucaliptos,Cobertura vegetal y suelos,5,2,Ri­o Antas,IHA611017,0.831879,0.000000,0.831879
1275772,0,0,0,85,0,0,0,0,0,0,0,0,0,0,0,0,0,15,0,2005,Zona verde ajardinadaÂ ,3001,Zonas verdes urbanas,11,Urbano mixto,1,Artificial,4,IHA611017,33,ZONAS VERDES Y ESPACIOS DE OCIO,"191",Zona verde ajardinada ,6,,,Zonas verdes y espacios de ocio,Urbano e infraestructuras,1,3,Ri­o Antas,IHA611017,13.771416,0.219096,13.552320
973173,0,0,0,100,0,0,0,0,0,0,0,0,0,0,0,0,0,0,0,210,Marisma con vegetaciÃ³n,3021,Otras zonas hÃºmedas naturales,51,Zonas hÃºmedas,5,Zonas hÃºmedas,4,IHA611017,34,MARISMA CON VEGETACION,"211",Marisma con vegetacion,7,,,Marisma,Zonas humedas,3,1,Ri­o Antas,IHA611017,19.221588,10.563011,8.658577
1301656,0,0,5,95,0,0,0,0,0,0,0,0,0,0,0,0,0,0,0,317,RÃ­os y cauces nat: otras formas riparias,3022,RÃ­os y cauces con y sin vegetaciÃ³n asociada,51,Zonas hÃºmedas,5,Zonas hÃºmedas,4,IHA611017,46,VEGETACION RIPARIA,"317",Rios y cauces nat: otras formas riparias,11,,,Vegetacion riparia,Zonas humedas,3,1,Ri­o Antas,IHA611017,35.828615,26.236105,9.592510
968201,0,0,0,0,0,0,0,0,0,0,0,0,0,0,0,85,15,0,0,125,Complejo comercial y/o de ocio,3003,"Servicios, comercial y oficinas",11,Urbano mixto,1,Artificial,4,IHA611017,13,ZONAS INDUSTRIALES Y COMERCIALES,"111",Complejo comercial y/o de ocio,2,,,Zonas industriales y comerciales,Urbano e infraestructuras,1,5,Ri­o Antas,IHA611017,0.198416,0.000000,0.198416
1004596,0,0,0,0,0,0,0,0,100,0,0,0,0,0,0,0,0,0,0,405,Cultivo herbÃ¡ceo distinto de arroz,21,Cultivos herbÃ¡ceos,21,Cultivos herbÃ¡ceos,2,AgrÃ­cola,4,IHA611017,52,AREAS AGRICOLAS HOMOGENEAS,"-",Cultivo herbaceo distinto de arroz,18,Herbaceo secano,16,Cultivos herbaceos,Agrario,4,3,Ri­o Antas,IHA611017,128.249803,0.959979,127.289824
1102381,0,55,30,15,0,0,0,0,0,0,0,0,0,0,0,0,0,0,0,911,Matorral denso,41,Matorral,41,Matorral,4,Forestal,4,IHA611017,72,MATORRAL DENSO,"911",Matorral denso,20,,,Vegetacion natural,Cobertura vegetal y suelos,5,1,Ri­o Antas,IHA611017,111.504997,2.264528,109.240469
970291,0,0,0,0,0,0,0,0,0,0,0,0,0,0,50,0,50,0,0,152,Depuradoras y potabilizadoras,3008,Infraestructuras de residuos,16,Infraestructuras tÃ©cnicas,1,Artificial,4,IHA611017,19,OTRAS INFRAESTRUCTURAS TECNICAS,"141",Depuradoras y potabilizadoras,4,,,Otras infraestructuras tecnicas,Urbano e infraestructuras,1,5,Ri­o Antas,IHA611017,5.252025,0.000000,5.252025
1285661,0,0,0,100,0,0,0,0,0,0,0,0,0,0,0,0,0,0,0,9312,Dunas y arenales costeros,3018,"Playas, dunas, acantilados y arenales",47,Zonas sin vegetaciÃ³n,4,Forestal,4,IHA611017,79,"PLAYAS, DUNAS Y ARENALES","931",Dunas y arenales costeros,22,,,"Playas, dunas y arenales",Cobertura vegetal y suelos,5,1,Ri­o Antas,IHA611017,6.074098,0.062638,6.011460
1038405,0,0,0,0,0,0,0,0,0,100,100,0,0,0,0,0,0,0,0,431,CÃ­tricos,431,Frutales cÃ­tricos,23,Cultivos leÃ±osos,2,AgrÃ­cola,4,IHA611017,57,CITRICOS,"431",Citricos,15,,,Leñoso regadio,Agrario,4,3,Ri­o Antas,IHA611017,44.075217,1.459030,42.616187
964875,0,40,15,0,0,0,0,0,0,0,0,0,0,0,0,10,25,0,10,113,AgrÃ­cola/ganadero,113,"Instalaciones agrÃ­cola, ganadera",12,Industrial,1,Artificial,4,IHA611017,22,OTRAS INFRAESTRUCTURAS TECNICAS,"141",Agricola/ganadero,19,,,Areas agrarias heterogeneas,Agrario,4,3,Ri­o Antas,IHA611017,5.091777,0.000000,5.091777
1291697,0,0,0,0,0,0,0,0,0,0,0,0,0,0,0,0,100,0,0,182,VÃ­a de comunicaciÃ³n no asfaltada,3005,Redes viarias y ferroviarias,15,Infraestructuras de transporte,1,Artificial,4,IHA611017,16,INFRAESTRUCTURAS DE COMUNICACIONES,"131",Via de comunicacion no asfaltada,3,,,Infraestructuras de comunicaciones,Urbano e infraestructuras,1,5,Ri­o Antas,IHA611017,20.878774,0.645775,20.232999
1241476,0,20,10,70,0,0,0,0,0,0,0,0,0,0,0,0,0,0,0,960,Ramblas,3022,RÃ­os y cauces con y sin vegetaciÃ³n asociada,51,Zonas hÃºmedas,5,Zonas hÃºmedas,4,IHA611017,41,RIOS Y CAUCES,NA,Ramblas,10,,,"Rios, cauces o ramblas",Zonas humedas,3,1,Ri­o Antas,IHA611017,8.960590,6.302849,2.657741
1032357,0,0,30,0,0,0,0,0,60,10,0,10,0,0,0,0,0,0,0,416,Olivar,416,Olivares,23,Cultivos leÃ±osos,2,AgrÃ­cola,4,IHA611017,53,OLIVAR EN SECANO,"415",Olivar,14,,,Leñoso secano,Agrario,4,3,Ri­o Antas,IHA611017,0.037210,0.000000,0.037210
986866,0,0,0,0,0,0,0,0,0,0,0,0,0,0,100,0,0,0,0,345,Balsa de riego o ganadera,3020,Zonas hÃºmedas artificiales,51,Zonas hÃºmedas,5,Zonas hÃºmedas,4,IHA611017,51,BALSAS DE RIEGO Y GANADERAS,"345",Balsa de riego o ganadera,13,,,Masas de agua artificial,Zonas humedas,3,4,Ri­o Antas,IHA611017,1.723754,0.040813,1.682941
960161,0,15,10,0,0,0,0,0,0,0,0,0,0,0,0,45,30,0,0,101,Casco,11,Urbano mixto,11,Urbano mixto,1,Artificial,4,IHA611017,2,TEJIDO URBANO,"111",Casco,1,,,Tejido urbano,Urbano e infraestructuras,1,5,Ri­o Antas,IHA611017,64.015197,0.256220,63.758977
1066070,75,0,0,25,0,0,75,0,0,0,0,0,0,0,0,0,0,0,0,530,FormaciÃ³n arbolada: eucaliptos,530,Bosque de eucaliptos,42,Bosque,4,Forestal,4,IHA611018,61,FOR. ARBOL. DENSA: EUCALIPTOS,"530",Formacion arbolada: eucaliptos,21,,,Vegetación con eucaliptos,Cobertura vegetal y suelos,5,2,Salar de los Canos,IHA611018,0.262710,0.000000,0.262710
957482,0,0,0,0,0,0,0,0,0,0,0,0,0,0,0,85,15,0,0,101,Casco,11,Urbano mixto,11,Urbano mixto,1,Artificial,4,IHA611018,2,TEJIDO URBANO,"111",Casco,1,,,Tejido urbano,Urbano e infraestructuras,1,5,Salar de los Canos,IHA611018,105.487168,0.000000,105.487168
1285664,0,0,0,100,0,0,0,0,0,0,0,0,0,0,0,0,0,0,0,9312,Dunas y arenales costeros,3018,"Playas, dunas, acantilados y arenales",47,Zonas sin vegetaciÃ³n,4,Forestal,4,IHA611017,79,"PLAYAS, DUNAS Y ARENALES","931",Dunas y arenales costeros,22,,,"Playas, dunas y arenales",Cobertura vegetal y suelos,5,1,Salar de los Canos,IHA611018,15.149647,0.370872,14.778775
1004718,0,0,0,0,0,0,0,0,100,0,0,0,0,0,0,0,0,0,0,405,Cultivo herbÃ¡ceo distinto de arroz,21,Cultivos herbÃ¡ceos,21,Cultivos herbÃ¡ceos,2,AgrÃ­cola,4,IHA611018,52,AREAS AGRICOLAS HOMOGENEAS,"-",Cultivo herbaceo distinto de arroz,18,Herbaceo secano,16,Cultivos herbaceos,Agrario,4,3,Salar de los Canos,IHA611018,2.896779,0.000000,2.896779
1213879,0,0,0,100,0,0,0,0,0,0,0,0,0,0,0,0,0,0,0,935,Zonas sin vegetaciÃ³n por roturaciÃ³n,3019,Suelo desestructurado,47,Zonas sin vegetaciÃ³n,4,Forestal,4,IHA611018,82,ZONAS SIN VEGETACION POR ROTURACION,"935",Zonas sin vegetacion por roturacion,23,,,Areas con fuertes procesos erosivos,Cobertura vegetal y suelos,5,1,Salar de los Canos,IHA611018,54.568968,15.018369,39.550599
968196,0,0,0,0,0,0,0,0,0,0,0,0,0,0,0,60,40,0,0,125,Complejo comercial y/o de ocio,3003,"Servicios, comercial y oficinas",11,Urbano mixto,1,Artificial,4,IHA611018,13,ZONAS INDUSTRIALES Y COMERCIALES,"111",Complejo comercial y/o de ocio,2,,,Zonas industriales y comerciales,Urbano e infraestructuras,1,5,Salar de los Canos,IHA611018,1.791184,0.000000,1.791184
961330,0,0,0,0,0,0,0,0,0,0,0,0,0,0,0,30,60,5,5,113,AgrÃ­cola/ganadero,113,"Instalaciones agrÃ­cola, ganadera",12,Industrial,1,Artificial,4,IHA611018,22,OTRAS INFRAESTRUCTURAS TECNICAS,"141",Agricola/ganadero,19,,,Areas agrarias heterogeneas,Agrario,4,3,Salar de los Canos,IHA611018,0.543077,0.000000,0.543077
1055904,0,25,21,31,0,0,0,0,0,23,0,0,0,23,0,0,0,0,0,460,Frutales de cÃ¡scara,3011,Frutales no cÃ­tricos,23,Cultivos leÃ±osos,2,AgrÃ­cola,4,IHA611018,54,OTROS CULTIVOS LEÑOSOS EN SECANO,"419",Frutales de cascara,14,,,Leñoso secano,Agrario,4,3,Salar de los Canos,IHA611018,1.449058,0.000000,1.449058
1287680,0,0,0,0,0,0,0,0,0,0,0,0,0,0,0,0,100,0,0,131,Red viaria,3005,Redes viarias y ferroviarias,15,Infraestructuras de transporte,1,Artificial,4,IHA611017,15,INFRAESTRUCTURAS DE COMUNICACIONES,"131",Red viaria,3,,,Infraestructuras de comunicaciones,Urbano e infraestructuras,1,5,Salar de los Canos,IHA611018,33.512562,0.506916,33.005646
1038468,0,0,0,0,0,0,0,0,0,100,100,0,0,0,0,0,0,0,0,431,CÃ­tricos,431,Frutales cÃ­tricos,23,Cultivos leÃ±osos,2,AgrÃ­cola,4,IHA611018,57,CITRICOS,"431",Citricos,15,,,Leñoso regadio,Agrario,4,3,Salar de los Canos,IHA611018,12.990922,0.000000,12.990922
919921,0,0,0,0,0,0,0,0,0,0,0,0,0,0,100,0,0,0,0,345,Balsa de riego o ganadera,3020,Zonas hÃºmedas artificiales,51,Zonas hÃºmedas,5,Zonas hÃºmedas,4,IHA611018,51,BALSAS DE RIEGO Y GANADERAS,"345",Balsa de riego o ganadera,13,,,Masas de agua artificial,Zonas humedas,3,4,Salar de los Canos,IHA611018,1.130615,0.818618,0.311997
1079240,5,40,20,35,0,5,0,0,0,0,0,0,0,0,0,0,0,0,0,725,Matorral disperso arbolado: conÃ­feras. disperso,3014,Matorrales con arbolado puro,45,Matorrales con arbolado,4,Forestal,4,IHA611018,65,MATORRAL DISP. ARBOLADO: CONIFERAS. DISPERSO,"725",Matorral disperso arbolado: coniferas. disperso,20,,,Vegetacion natural,Cobertura vegetal y suelos,5,1,Salar de los Canos,IHA611018,106.032802,40.698474,65.334328
997848,0,0,0,0,0,0,0,0,100,0,0,0,0,0,0,0,0,0,0,404,Invernadero de estructura itinerante o temporal,22,Invernaderos,22,Invernaderos,2,AgrÃ­cola,4,IHA611018,56,CULTIVOS FORZADOS BAJO PLASTICO,"423",Invernadero de estructura itinerante o temporal,17,,,Invernaderos,Agrario invernaderos,2,5,Salar de los Canos,IHA611018,0.116141,0.000000,0.116141
972716,0,0,0,0,0,0,0,0,0,0,0,0,0,0,0,0,20,80,0,177,"Parques, plazas, jardines, paseos marÃ­timos",3001,Zonas verdes urbanas,11,Urbano mixto,1,Artificial,4,IHA611018,32,ZONAS VERDES Y ESPACIOS DE OCIO,"191","Parques, plazas, jardines, paseos maritimos",6,,,Zonas verdes y espacios de ocio,Urbano e infraestructuras,1,3,Salar de los Canos,IHA611018,6.950265,0.000000,6.950265
1264773,0,0,0,0,0,0,0,0,0,0,0,0,0,0,65,0,0,35,0,2008,LÃ¡mina de agua artificial,3020,Zonas hÃºmedas artificiales,51,Zonas hÃºmedas,5,Zonas hÃºmedas,4,IHA611018,48,CANALES ARTIFICIALES,"321",Lamina de agua artificial,10,,,"Rios, cauces o ramblas",Zonas humedas,3,1,Salar de los Canos,IHA611018,0.186048,0.000000,0.186048
